序号,年龄,年级,专业,性别,家庭所在地,家庭经济情况,学习成绩,对待体育活动的态度,认知,人际,情感,公正,节制,超越,积极心理品质得分,剧烈运动天数,剧烈运动单日分钟数,每周剧烈MET,适度运动天数,适度运动单日分钟数,每周适度MET,步行天数,步行单日分钟数,每周步行MET,总MET,总天数,"运动强度
1轻2中3强",工作日久坐分钟数,IPAQ_8
96,16,大一,工,1,1,3,3,1,2.42,1.7,2.09,2.22,2.3,1.9,2.32,5,30,1200,5,30,600,7,30,693,2493,17,2,480,跑步
69,17,大一,工,1,1,3,3,2,2.33,2.2,1.55,1.89,2.2,1.9,2.24,0,0,0,0,0,0,7,50,1155,1155,7,2,480,篮球
72,17,1,法,1,2,2,1,3,0.92,0.9,0.91,0.89,0.9,1.3,1.06,0,0,0,0,0,0,6,30,594,594,6,1,480,步行
73,17,大一,工,1,1,3,4,2,1.83,2.1,1.82,1.78,2,1.8,2.16,2,20,320,0,0,0,0,0,0,320,2,1,480,跑步学习
76,17,一,法,1,1,3,3,1,2.67,2.3,2.45,2.33,2,3.1,2.74,3,30,720,3,15,180,5,30,495,1395,11,2,480,跳绳
93,17,大一,工,1,1,3,3,1,1.75,2.6,2.09,2.56,2.1,1.7,2.32,0,0,0,4,30,480,7,30,693,1173,11,2,600,乒乓球
102,17,2021,工,2,1,3,2,2,1.33,1.2,1.27,1.11,1.5,1.8,1.5,5,30,1200,3,30,360,7,60,1386,2946,15,2,480,跑步
104,17,大一,工,2,1,4,3,2,2.83,2.7,2.73,2.67,2.7,2.7,3.05,3,30,720,1,30,120,7,30,693,1533,11,2,360,跑步
128,17,大一,工,1,1,3,2,2,2.33,2.5,2.36,2.44,2.6,2.1,2.63,2,30,480,5,30,600,7,60,1386,2466,14,2,720,跑步
179,17,大一,理,2,2,3,2,2,1.92,1.9,1.45,1.89,2.5,1.7,2.03,3,15,360,0,0,0,7,30,693,1053,10,2,480,慢跑
195,17,大一,管理,2,2,2,3,1,1.92,2,1.64,2.22,2.3,1.9,2.21,2,60,960,1,60,240,0,0,0,1200,3,2,120,篮球
246,17,21级,法,2,2,3,3,2,1.83,1.6,1.55,1.44,2,1.8,1.9,3,20,480,5,60,1200,7,180,4158,5838,15,3,480,跑步
293,17,大一,理,2,1,3,3,3,1.67,1.5,1.36,1.67,1.6,1.8,1.87,0,0,0,7,30,840,7,60,1386,2226,14,2,480,走路
327,17,大一,理,2,2,3,3,3,1.33,1.4,1.27,1.67,1.4,1,1.52,7,30,1680,5,60,1200,7,70,1617,4497,19,3,480,跑步
539,17,大一,工,2,1,3,2,2,1.42,1.1,2,1.33,1.6,1.6,1.74,0,0,0,0,0,0,7,30,693,693,7,2,600,打羽毛球
574,17,大一,管理,2,1,3,3,2,2.83,2.3,3,2.56,2.7,2.8,2.97,7,60,3360,7,30,840,7,30,693,4893,21,3,600,跑步
599,17,大一,工,2,1,3,2,2,3.25,2.2,2.36,1.67,1.9,2.8,2.66,3,25,600,0,0,0,5,30,495,1095,8,2,720,慢跑
649,17,大一,管理,2,2,3,3,2,2.5,2.2,2.27,2.56,2.2,1.8,2.48,3,20,480,7,30,840,7,30,693,2013,17,2,480,跑步
778,17,2021,工,1,1,3,3,2,2.08,1.9,2,1.89,2.1,2.2,2.26,0,0,0,0,0,0,7,30,693,693,7,2,480,跑步，篮球
792,17,2021级,文,1,1,3,3,1,2.5,2.4,1.91,2.22,2.7,1.8,2.48,3,30,720,5,30,600,3,30,297,1617,11,2,480,篮球
807,17,2021级,文,1,2,3,3,1,2.5,2.3,1.82,2.33,2.1,2,2.42,4,30,960,3,30,360,2,20,132,1452,9,2,480,羽毛球
959,17,2021,理,1,1,3,3,2,3.17,2.8,3.64,3.22,2.8,3.1,3.42,0,0,0,3,30,360,7,30,693,1053,10,2,480,跑步
1106,17,2021,工,1,1,3,3,2,2.5,2.4,2.55,2.67,2.3,3,2.87,0,0,0,2,30,240,2,30,198,438,4,1,300,跑步
1149,17,2021级,管理,2,1,3,3,1,2.42,2.3,2.36,2.67,2.7,2.4,2.73,1,90,720,0,0,0,5,30,495,1215,6,2,480,羽毛球，散步
1168,17,2021,文,2,1,3,3,1,1.42,1.2,1.36,1.44,1.7,0.9,1.58,3,30,720,3,60,720,7,80,1848,3288,13,3,80,跑步
1171,17,21,文,2,2,3,1,3,0.92,1,1.91,1.78,1.9,1.5,1.66,0,0,0,3,60,720,7,90,2079,2799,10,2,480,跑步 打网球
1178,17,2021级,文,2,1,3,3,3,2.5,3.2,2.55,2.78,3.1,1.7,2.98,0,0,0,5,20,400,4,30,396,796,9,2,480,爬楼
1181,17,2021,管理,2,2,2,3,2,2.42,1.9,1.64,1.89,1.7,2.4,2.26,1,40,320,0,0,0,0,0,0,320,1,1,480,跑步
1222,17,2021,经济,2,1,3,2,1,0.92,0.9,0.91,0.89,0.9,0.9,1.03,1,40,320,0,0,0,7,60,1386,1706,8,2,200,步行
1284,17,大一,工,1,1,4,4,2,2.5,2.9,2.82,2.67,3.6,2.6,3.13,2,40,640,5,180,3600,7,60,1386,5626,14,3,480,骑车
15,18,20级,工,2,1,3,3,2,1.25,1.8,2.55,2,2.7,1.9,2.27,1,40,320,7,30,840,7,30,693,1853,15,2,480,打球，散步
20,18,2020,管理,2,2,3,3,2,2.75,2.5,2.18,2.22,2.4,1.9,2.61,2,30,480,6,30,720,7,30,693,1893,15,2,480,篮球
22,18,大一,工,1,2,3,3,1,0.92,0.9,0.91,0.89,0.9,0.9,1,1,30,240,7,30,840,7,90,2079,3159,15,3,240,打篮球 步道乐跑
24,18,大一,工,1,2,3,2,2,2.58,2.9,2.36,2.44,2.6,2.7,2.92,2,30,480,7,30,840,0,0,0,1320,9,2,480,羽毛球
26,18,大一,工,2,2,2,2,3,1.75,1.8,2.09,2.11,2.3,1.8,2.19,0,0,0,0,0,0,4,30,396,396,4,1,480,呼吸
27,18,大一“,工,2,2,2,4,1,0.92,0.9,0.91,0.89,0.9,0.9,1.03,3,20,480,3,30,360,7,120,2772,3612,13,3,240,锻炼体魄
30,18,大一,工,1,1,4,2,2,1.83,1.8,1.82,1.78,1.8,1.8,2.02,0,0,0,1,80,320,7,80,1848,2168,8,2,480,跑步
31,18,大一,工,1,2,3,3,3,2.83,2.5,3.27,3,3.1,2.8,3.23,0,0,0,7,30,840,7,30,693,1533,14,2,480,散步
32,18,大一,工,1,2,3,3,2,2.75,2.7,2.55,2.67,3.3,2.7,3.1,0,0,0,0,0,0,7,30,693,693,7,2,300,跑步
33,18,2021,工,1,1,3,2,2,1.75,1.6,1.18,1.78,1.6,1,1.66,3,20,480,4,30,480,7,30,693,1653,14,2,500,羽毛球
35,18,2021,法,2,2,2,4,3,1.92,2,2.18,1.89,2,1.9,2.21,0,0,0,0,0,0,7,30,693,693,7,2,480,步行
36,18,大一,工,1,2,3,3,2,1.75,2.1,1.73,1.67,2.2,1.9,2.11,2,40,640,2,30,240,7,30,693,1573,11,2,420,篮球 骑车 跑步
37,18,大一,工,1,1,3,3,1,2.08,2.1,2,2,2.1,1.8,2.24,4,20,640,5,10,200,7,20,462,1302,16,2,200,跑步
39,18,一年级,法,2,2,3,3,1,1.25,1.5,1.82,1.67,1.8,1.6,1.77,7,180,10080,7,120,3360,7,60,1386,14826,21,3,180,篮球
41,18,21,工,1,2,3,3,3,1.67,2.2,2.27,1.89,2.1,2.1,2.26,3,30,720,0,0,0,7,30,693,1413,10,2,480,走路跑步
44,18,大一,工,2,2,3,3,2,2.58,1.7,1.91,1.89,2.2,1.8,2.24,3,20,480,2,20,160,7,30,693,1333,12,2,265,跑步
45,18,2021,工,1,1,4,3,1,2.75,1.7,1.45,2.11,2.9,1.6,2.32,0,0,0,0,0,0,7,40,924,924,7,2,480,跑步
47,18,2021级,工,1,2,3,3,2,2.67,2.3,1.55,2.33,2.7,2.6,2.6,4,30,960,5,20,400,7,20,462,1822,16,2,360,跑步
49,18,大一,工,1,1,3,2,2,2.5,2.3,2.45,2.89,2.5,2.6,2.76,4,40,1280,7,30,840,4,30,396,2516,15,2,480,跑步
50,18,2021,工,1,2,3,2,1,1.25,1.3,1.27,1.78,1.6,1.3,1.61,5,30,1200,5,30,600,7,60,1386,3186,17,3,200,跑步 打篮球
53,18,2021,工,1,2,3,2,3,1.83,2.1,2,2,2.9,2,2.35,0,0,0,7,30,840,7,40,924,1764,14,2,480,跑步
55,18,2020,工,1,1,4,2,1,2,2,1.91,2.67,1.9,1.9,2.37,5,30,1200,2,20,160,7,60,1386,2746,14,2,480,跳绳跑步
56,18,大一,工,2,1,4,3,2,2.25,2.5,2,2.22,1.9,1.8,2.35,4,15,480,7,50,1400,7,60,1386,3266,18,3,480,快走，跑步
57,18,2021,理,1,1,4,3,1,1.92,1.9,2.18,1.78,2,1.9,2.16,2,40,640,7,30,840,7,30,693,2173,16,2,180,跑步
60,18,大一,工,1,1,3,3,2,2,2.1,2.45,2.11,2.1,2,2.34,4,20,640,7,30,840,4,30,396,1876,15,2,480,跑步
62,18,21,工,1,2,3,3,2,2.17,2.2,2.55,2.44,2.2,1.9,2.48,3,20,480,7,30,840,7,30,693,2013,17,2,480,跑步，乒乓球
65,18,大一,工,1,1,3,3,2,1.83,1.5,1.64,1.44,1.5,1.5,1.82,3,50,1200,1,50,200,7,120,2772,4172,11,3,480,跑步
66,18,大一,工,1,1,4,1,2,2.5,2.5,2.73,3.67,2.7,2.8,3.18,4,30,960,0,0,0,7,30,693,1653,11,2,120,跑步
67,18,2021,工,1,1,3,3,2,2.58,2.2,2.09,2.33,2,2,2.47,3,70,1680,3,30,360,7,30,693,2733,13,3,480,跑步
68,18,2020,工,1,2,2,3,2,1.75,1.5,1.27,1.78,2.5,1.7,1.97,0,0,0,7,30,840,7,30,693,1533,14,2,600,步行，跑步
70,18,大一,法,2,2,3,3,2,2.33,2.5,2.18,2.11,2.4,2.5,2.63,3,30,720,7,30,840,6,30,594,2154,16,2,420,骑自行车，跑步
75,18,大一,法,1,2,2,3,2,2.25,2.6,1.55,2.67,2.1,1.8,2.37,3,30,720,5,30,600,7,30,693,2013,15,2,480,跑步
77,18,大一,工,1,2,3,3,1,0.92,0.9,0.91,0.89,0.9,0.9,1,1,30,240,3,30,360,0,0,0,600,4,2,480,跑步
80,18,1,工,1,2,3,3,2,2,2.1,1.91,1.67,2,2.1,2.24,3,30,720,6,30,720,7,30,693,2133,16,2,480,跑步
81,18,大一,工,1,2,3,3,2,2,2.6,2.18,2.44,2.2,2.2,2.5,2,40,640,3,30,360,7,30,693,1693,12,2,40,乒乓球
83,18,2021,工,1,2,3,3,2,3.75,2.9,3.09,3,2.7,3.1,3.44,1,30,240,5,10,200,2,10,66,506,8,1,900,跑步
84,18,2021,法,2,2,3,3,2,2.83,2.3,2,2.22,2.3,2.5,2.63,2,20,320,0,0,0,7,120,2772,3092,9,3,720,跑步
85,18,大一,工,1,2,3,2,1,1.83,2.9,2.55,2.67,2.4,2.3,2.68,0,0,0,5,30,600,7,40,924,1524,12,2,480,慢跑
88,18,21,工,1,2,4,4,1,2.17,1.9,1.82,2.67,2.6,2,2.42,3,30,720,3,30,360,0,0,0,1080,6,2,480,跑步，基本室内运动
89,18,21,工,2,1,3,3,2,2,1.8,1.82,1.78,1.8,1.8,2.1,2,40,640,2,30,240,7,30,693,1573,11,2,300,步行
92,18,大一,工,1,2,3,3,2,2.83,2.7,2,2.11,2.9,2.1,2.74,0,0,0,3,30,360,5,30,495,855,8,2,480,打羽毛球 走路
94,18,1,工,2,1,4,3,2,2.83,2.4,1.55,2.44,1.6,2.3,2.45,3,20,480,3,20,240,7,60,1386,2106,13,2,480,跑步，打乒乓球，打羽毛球
97,18,大一,工,1,2,3,2,1,1.92,1.9,2.09,1.89,1.8,1.7,2.13,0,0,0,3,10,120,7,30,693,813,10,2,720,哑铃
100,18,大一,工,2,2,3,3,1,1.83,1.9,1.73,1.89,1.9,2,2.11,4,35,1120,4,20,320,7,80,1848,3288,15,3,300,慢跑
101,18,大一,工,1,2,3,3,2,2.75,2.7,2.73,2.67,2.7,2.7,3,2,30,480,7,20,560,7,30,693,1733,16,2,600,跑步
106,18,大一,工,1,1,3,3,2,2.33,2.5,2,2.67,2.1,2.2,2.61,0,0,0,5,30,600,7,30,693,1293,12,2,480,跑步
108,18,大一,工,1,1,3,3,2,1.58,1.5,1.18,1.44,2,1.4,1.69,2,30,480,0,0,0,7,40,924,1404,9,2,180,跑步
109,18,2021,工,1,2,3,3,3,1.83,2,1.91,1.67,2.1,1.6,2.1,1,20,160,7,30,840,7,30,693,1693,15,2,300,脑力运动
110,18,大一,工,1,2,3,2,1,1,1.7,1.18,1.67,2.2,1.2,1.69,4,90,2880,1,60,240,7,30,693,3813,12,3,480,篮球，跑步
112,18,2021级,工,1,1,3,3,2,2.08,2,1.64,2,2,1.7,2.15,2,70,1120,2,20,160,7,60,1386,2666,11,2,420,跑步
114,18,大一,工,1,2,3,3,1,1.58,1.5,1.73,1.78,2.5,1.8,1.98,4,120,3840,5,80,1600,7,30,693,6133,16,3,180,篮球慢跑
119,18,21,工,1,2,2,3,1,1.58,1.9,1.55,1.89,2.1,1.6,2.02,3,60,1440,6,30,720,7,120,2772,4932,16,3,480,篮球 跑步
121,18,21,工,1,2,3,3,1,1.92,2,2.09,1.78,1.9,1.4,2.11,3,60,1440,2,30,240,7,70,1617,3297,12,3,360,羽毛球，跑步
122,18,13,工,1,2,4,3,1,2,1.9,1.55,1.44,1.6,1.5,1.94,2,40,640,2,60,480,5,40,660,1780,9,2,720,跑步
127,18,大一,工,1,2,4,2,1,1.92,2.1,2.18,2.11,2,1.6,2.23,2,40,640,3,30,360,7,30,693,1693,12,2,600,跑步
130,18,21,理,2,2,3,3,2,2.08,1.7,1.73,1.56,1.5,2.1,2,3,20,480,6,15,360,7,30,693,1533,16,2,100,跑步 骑自行车
139,18,2021,理,1,2,4,3,2,2.17,2.2,2.18,2,1.9,2,2.32,3,25,600,0,0,0,7,40,924,1524,10,2,480,跑步
141,18,21,理,1,1,3,3,1,1.67,2.1,1.64,2.11,2.8,2.1,2.32,6,45,2160,7,60,1680,7,40,924,4764,20,3,420,跑步，健身房锻炼
142,18,2021级,理,1,1,3,3,2,3.25,2.9,3,2.67,2.8,3.4,3.35,3,30,720,5,30,600,7,30,693,2013,15,2,480,跑步
147,18,大一,工,2,1,3,3,3,1.5,1.5,1.55,1.22,2.2,1.3,1.74,3,30,720,4,30,480,7,30,693,1893,14,2,480,骑车，跳绳
148,18,大一,理,1,1,4,4,2,2.83,1.9,2.45,2.56,1.9,2.6,2.66,4,30,960,7,30,840,7,30,693,2493,18,2,480,跑步，引体向上，深蹲
149,18,21,工,1,2,2,3,2,1.58,1.9,1.55,1.78,1.7,1.5,1.84,4,30,960,7,60,1680,7,60,1386,4026,18,3,300,跑步
150,18,大一,工,1,1,3,2,2,2.75,2.5,1.36,2,1.9,1.9,2.26,3,30,720,4,20,320,7,30,693,1733,14,2,250,慢跑
151,18,大一,工,1,2,3,2,2,2.33,2.2,2.64,2.89,2.7,1.5,2.65,2,30,480,2,30,240,3,50,495,1215,7,2,500,单杠
152,18,21级,工,1,1,3,3,1,2,1.9,1.82,1.78,1.8,1.8,2.08,3,30,720,7,20,560,7,40,924,2204,17,2,600,跑步 篮球
155,18,大一,工,1,1,3,2,2,2,2.1,1.45,2,2.2,1.9,2.18,3,30,720,7,10,280,5,10,165,1165,15,2,480,长跑
156,18,大二,工,2,1,3,3,1,2.17,2.6,2.18,1.67,1.9,1.6,2.26,2,70,1120,7,150,4200,5,40,660,5980,14,3,480,折返跑、开合跳、高抬腿、跆拳道训练
158,18,大一,理,1,1,3,3,1,1.83,1.6,2.27,1.56,1.7,2.3,2.13,4,60,1920,5,10,200,7,60,1386,3506,16,3,480,跑步
159,18,大一,工,1,2,2,2,1,2.08,2.1,1.82,1.89,2.3,1.7,2.18,1,40,320,5,15,300,5,30,495,1115,11,2,480,跑步
161,18,2021级,法,2,2,3,3,2,1.92,1.9,1.55,1.67,1.2,2,1.9,1,15,120,3,15,180,7,30,693,993,11,2,480,慢跑
162,18,大一,工,1,1,3,3,1,2.58,3.2,2.18,3.11,3.4,1.9,2.98,2,30,480,1,30,120,7,50,1155,1755,10,2,300,跑步
164,18,本科生一年级,工,1,1,4,3,1,1.83,2,1.18,2.22,1.5,1.3,1.79,7,30,1680,7,30,840,7,60,1386,3906,21,3,600,慢跑
166,18,2021级,理,1,2,2,3,1,2.5,2,2,2.33,2,1.3,2.24,4,120,3840,7,60,1680,7,30,693,6213,18,3,540,篮球跑步
169,18,大一,工,1,1,3,3,2,1.33,1.1,1.82,1.33,1.4,1.5,1.61,3,30,720,5,30,600,5,30,495,1815,13,2,480,骑自行车
170,18,大一,工,1,2,3,3,2,1.83,1.9,1.82,2.11,1.8,1.8,2.08,4,30,960,3,20,240,2,30,198,1398,9,2,480,跑步
171,18,大一,工,2,2,2,2,2,1.33,2.8,2.18,2,1.4,2.2,2.15,0,0,0,5,20,400,4,60,792,1192,9,2,420,慢跑
174,18,21级,法,2,1,3,2,2,1.5,2.2,2,2.22,1.8,1.9,2.11,4,30,960,5,30,600,7,30,693,2253,16,2,480,跑步，打羽毛球
177,18,21,理,2,1,4,3,2,2.58,2.3,2.09,1.89,2.2,2.3,2.47,0,0,0,0,0,0,7,30,693,693,7,2,480,跑步
178,18,大一,工,2,2,3,3,1,1.83,1.4,1.64,1.67,2.1,1.9,1.97,4,20,640,5,30,600,7,60,1386,2626,16,2,300,跑步 骑车
180,18,21级,工,1,1,4,3,1,2.67,2.5,2.55,2.56,2.7,2.7,2.85,3,30,720,7,30,840,7,50,1155,2715,17,2,360,跑步，引体向上
181,18,大一,工,1,1,3,3,3,2.08,2.3,1.82,2.11,3,1.8,2.42,0,0,0,2,60,480,7,60,1386,1866,9,2,720,跑步
182,18,大一,工,1,2,4,3,2,3.08,2.8,2.55,3,1.7,3.1,3.05,4,30,960,7,30,840,7,60,1386,3186,18,3,600,跑步
185,18,大一,工,1,2,3,3,3,2.5,2.2,1.91,1.78,2.5,2.4,2.47,0,0,0,0,0,0,7,60,1386,1386,7,2,480,羽毛球
191,18,2021,工,2,1,3,4,3,2.75,2.7,2.45,3,2.7,2.6,2.97,0,0,0,0,0,0,7,60,1386,1386,7,2,480,滑板
194,18,2021,工,1,1,4,4,2,2.75,2.4,2.73,2.78,2.7,2.7,2.98,0,0,0,0,0,0,3,30,297,297,3,1,600,跑步
196,18,大一,工,1,2,3,2,2,1.83,1.7,1.82,1.56,2.1,1.4,1.98,0,0,0,7,10,280,7,30,693,973,14,2,500,跑步
197,18,大一,理,1,1,3,3,2,1.33,1.6,1.45,2.33,2.4,1.2,1.87,3,120,2880,3,120,1440,4,60,792,5112,10,3,300,跑步
198,18,大一,工,1,2,2,2,1,2.17,2.1,1.27,1.67,1.7,1.3,1.9,3,100,2400,7,20,560,0,0,0,2960,10,2,480,篮球
200,18,21,工,1,1,3,3,2,1.67,1.7,1.82,1.78,1.8,1.8,1.98,1,40,320,7,10,280,3,20,198,798,11,2,360,跑步
201,18,大一,工,1,1,4,3,2,1.83,2.1,2.27,2.44,2.1,2.5,2.37,2,15,240,0,0,0,0,0,0,240,2,1,480,跑步
202,18,大一,工,1,2,3,1,1,1.33,2.1,2.55,2.78,3.1,1,2.34,5,80,3200,0,0,0,7,30,693,3893,12,3,480,跑步
207,18,大一,工,2,1,3,3,2,2.58,2,2,2.33,2.3,2.2,2.52,2,30,480,2,20,160,7,30,693,1333,11,2,300,慢跑、仰卧起坐
209,18,2021级,工,1,2,3,3,2,2.83,2.7,3,3,2.9,3.3,3.29,3,30,720,7,30,840,7,30,693,2253,17,2,480,跑步
211,18,大一,理,1,1,3,2,1,1,2,1.73,1.67,1.8,1.1,1.73,3,60,1440,0,0,0,2,30,198,1638,5,2,300,跑步
212,18,2021,工,1,1,3,3,2,2.92,2.6,3.36,2.67,2.6,3.2,3.23,3,25,600,7,30,840,5,60,990,2430,15,2,480,跑步
214,18,大一,工,1,1,3,3,1,1.83,1.6,2.27,1.89,1.7,2,2.15,3,30,720,7,30,840,7,100,2310,3870,17,3,250,羽毛球
216,18,2021,理,1,2,3,3,1,2,2.2,2.36,2.67,3,1.9,2.6,3,120,2880,2,10,80,4,20,264,3224,9,3,480,篮球，跑步，排球
217,18,大一,理,1,2,2,2,2,2.5,2.1,2.45,2.56,2.5,2.1,2.63,3,30,720,5,30,600,7,175,4043,5362.5,15,3,480,跑步
218,18,2021,工,1,2,2,2,2,1.08,1.5,1.18,1.11,1.8,1.2,1.53,1,40,320,2,30,240,7,40,924,1484,10,2,480,跑步
219,18,大一,理,1,2,3,3,2,2.58,2.1,2.18,2.11,1.9,2.1,2.4,3,30,720,7,30,840,7,30,693,2253,17,2,480,跑步
221,18,21级,工,1,2,3,2,1,2.25,1.5,2.09,1.89,2.2,1.5,2.1,2,60,960,5,10,200,7,60,1386,2546,14,2,720,跑步 打球 仰卧起坐
222,18,大一,工,1,2,3,2,1,1.58,1.3,1.64,1.33,1.5,1.4,1.63,4,40,1280,7,40,1120,7,60,1386,3786,18,3,540,健身，跑步
227,18,大一,工,2,2,3,3,2,1.75,2,2,2.11,2.7,1.5,2.27,1,40,320,3,30,360,7,20,462,1142,11,2,360,体育课
233,18,大一,工,1,1,3,3,2,2.08,1.9,1.73,1.44,1.5,1.4,1.92,2,40,640,3,30,360,7,30,693,1693,12,2,480,骑行，跑步
235,18,大一,管理,2,1,4,4,2,2.33,2.2,2.27,2.78,2.8,2.4,2.69,1,40,320,2,30,240,7,30,693,1253,10,2,480,跑步
238,18,大一,理,1,2,3,3,3,2.58,3,3.09,2.33,2.2,2.6,2.98,1,44,352,0,0,0,0,0,0,352,1,1,480,步行
240,18,大一,理,1,2,2,2,3,2.33,1.9,1.82,2.44,2.1,1.5,2.27,3,15,360,4,60,960,7,20,462,1782,14,2,240,打wota艺
243,18,2021,工,2,1,3,3,1,2,1.9,1.91,2.11,1.9,1.7,2.15,5,30,1200,7,30,840,7,40,924,2964,19,2,720,跑步，飞盘
244,18,大一,工,1,1,3,3,2,3,2.7,2.73,2.89,2.4,2.8,3.08,0,0,0,5,30,600,0,0,0,600,5,1,180,跑步
247,18,大一,法,2,2,3,3,3,3.25,2.7,3.18,3,3,3,3.35,2,40,640,7,30,840,7,30,693,2173,16,2,480,走路
248,18,2021级,法,2,1,4,3,2,1.92,2,2.27,2.22,1.9,1.8,2.23,2,12,192,7,10,280,7,30,693,1165,16,2,600,爬楼，跑步
253,18,大一,法,2,2,2,3,2,1.92,2.7,1,2.11,2.2,1.8,2.21,0,0,0,5,30,600,7,60,1386,1986,12,2,480,散步
254,18,2021,工,2,1,3,2,1,1.58,1.9,1.82,2.44,1.3,1.9,2.06,1,25,200,5,15,300,7,60,1386,1886,13,2,480,跑步
256,18,2021,理,2,2,3,3,3,1.42,1.8,2.18,1.67,1.5,1.6,1.92,0,0,0,5,30,600,7,30,693,1293,12,2,480,骑车
257,18,21,法,1,1,4,3,2,2.92,2.6,2.82,2.67,2.8,2.8,3.08,3,20,480,1,20,80,7,10,231,791,11,2,300,跑步，打球
258,18,大一,工,1,1,3,3,1,2.33,2.3,2.45,2.11,2,1.8,2.42,1,20,160,3,20,240,7,60,1386,1786,11,2,240,慢跑
259,18,2021,工,1,2,3,3,1,2.42,2.3,1.64,2,2.2,1.8,2.31,3,60,1440,5,60,1200,3,30,297,2937,11,2,300,篮球 慢跑
260,18,大一,理,1,2,3,3,1,1.17,1.4,1.82,1.56,1.8,1.3,1.71,3,20,480,7,30,840,7,40,924,2244,17,2,400,足球，跑步
261,18,大一,工,2,1,3,3,2,1.42,1.2,1.09,1.11,1.6,0.9,1.37,0,0,0,0,0,0,7,60,1386,1386,7,2,480,跑步
262,18,2021,理,1,1,4,3,2,2.42,2,2.55,2.78,2,2.5,2.65,0,0,0,7,30,840,7,30,693,1533,14,2,480,跑步
263,18,大一,法,2,2,3,2,2,2.25,1.8,2,2.22,2.3,2.1,2.34,2,20,320,4,20,320,7,60,1386,2026,13,2,270,慢跑
267,18,2021级,工,1,1,3,3,2,2.33,2.4,2.18,2.22,2.4,2.2,2.53,2,30,480,3,60,720,7,100,2310,3510,12,3,600,跑步和热身锻炼
269,18,大一,工,2,1,3,2,2,1.58,1.9,1.36,1.67,2.5,1.3,1.94,0,0,0,2,40,320,7,60,1386,1706,9,2,480,走路
270,18,一年级,理,1,2,3,3,2,2.5,2.7,2.27,2,2,2.1,2.61,2,40,640,7,30,840,7,25,578,2057.5,16,2,480,跑步
271,18,大一,法,1,2,3,2,1,1.75,2,1.64,2.33,2.3,1.8,2.24,3,30,720,2,30,240,6,30,594,1554,11,2,480,跑步
275,18,大一,工,1,2,3,3,2,1.5,1.8,1.82,2.11,1.9,1.7,2.06,2,40,640,1,60,240,7,120,2772,3652,10,3,300,长跑
279,18,大一,理,2,1,3,3,2,2.08,2,2.27,2.11,2.2,2.1,2.39,0,0,0,5,30,600,7,30,693,1293,12,2,480,跑步，骑自行车
282,18,2021级,工,2,2,2,1,2,1,1,1.36,1.33,1.6,0.9,1.31,3,20,480,7,40,1120,7,60,1386,2986,17,2,550,跑步
288,18,21,工,1,2,3,3,2,2.33,2.5,2.55,2.22,2.7,2.9,2.76,2,30,480,5,10,200,0,0,0,680,7,2,600,跑步，羽毛球
289,18,大一,管理,2,2,3,3,2,2.42,1.9,1.91,1.89,2.2,1.8,2.24,2,40,640,7,30,840,2,60,396,1876,11,2,300,散步
290,18,2021级,工,1,2,3,3,2,2.08,2.3,2,2.33,2.3,2.2,2.47,2,30,480,0,0,0,7,30,693,1173,9,2,360,跑步
292,18,大一,工,1,2,3,4,2,1.92,2.1,1.73,2.56,2,1.8,2.19,0,0,0,0,0,0,6,120,2376,2376,6,2,480,跑步
294,18,大一,法,1,2,3,2,2,1.5,2.5,1.91,2.56,2.4,1.3,2.18,3,30,720,3,30,360,7,30,693,1773,13,2,480,跑步
295,18,2021级,理,2,1,3,3,2,2.83,2.2,2.27,2,2.4,2,2.58,2,40,640,5,30,600,0,0,0,1240,7,2,480,跑步
296,18,大一,管理,2,2,3,1,1,1.33,0.9,1.27,1.33,0.9,0.9,1.27,3,30,720,5,20,400,7,50,1155,2275,15,2,480,跑步
297,18,21,理,2,2,3,4,1,2.92,1.7,2,2.22,2.5,2.2,2.6,3,10,240,7,20,560,7,70,1617,2417,17,2,720,羽毛球，跑步
298,18,2021,理,2,1,3,3,1,2,2.4,2.36,2.89,2.6,2.3,2.79,1,120,960,5,10,200,7,60,1386,2546,13,2,360,排球
300,18,大一,理,1,1,2,3,2,2.08,1.8,1.45,1.67,1.8,1.3,1.94,2,40,640,2,20,160,5,30,495,1295,9,2,480,跑步
303,18,大一,工,1,2,3,4,2,1.33,1.8,1.09,1.33,2,1.2,1.66,5,30,1200,7,10,280,0,0,0,1480,12,2,480,步道乐跑
305,18,2021,工,1,1,3,3,2,3.33,3.9,3.73,3.33,3,3.3,3.77,3,30,720,4,20,320,7,30,693,1733,14,2,240,跑步
346,18,2020,理,1,2,3,3,2,2.08,1.9,2,2,2,1.8,2.18,3,30,720,3,20,240,5,20,330,1290,11,2,480,跑步
373,18,2020级,管理,2,2,3,2,1,2.08,2,2.09,2,2.4,1.8,2.32,7,30,1680,7,70,1960,7,50,1155,4795,21,3,480,舞蹈
396,18,大一,工,1,2,3,3,1,2.08,2.3,1.18,1.56,1.7,2.1,2.02,4,30,960,7,30,840,7,180,4158,5958,18,3,500,跑步，足球
417,18,2020,管理,1,1,3,3,1,2.08,1.7,1.18,1.22,1.7,1.1,1.71,3,30,720,3,30,360,7,60,1386,2466,13,2,200,篮球
480,18,大一,理,2,2,3,3,3,2.75,2.4,2.64,2.67,2.7,2.6,2.9,1,30,240,7,30,840,7,30,693,1773,15,2,480,走路
489,18,2021级,工,1,2,2,2,2,2.25,1.9,2.55,2.56,2.2,2.2,2.48,2,30,480,7,60,1680,7,60,1386,3546,16,3,480,跑步，骑自行车
503,18,2019,工,2,1,3,3,2,2.42,2.5,2.09,2.44,2.4,2.2,2.66,0,0,0,0,0,0,7,30,693,693,7,2,300,跑步
513,18,大一,工,2,2,2,3,2,1.92,2.1,1.82,2,1.6,1.9,2.1,4,60,1920,7,20,560,5,30,495,2975,16,3,360,力量训练
524,18,2020级,工,2,2,1,2,2,1.75,2.6,1.55,2.11,2.6,2.4,2.39,3,20,480,7,10,280,7,30,693,1453,17,2,240,慢跑，网球
549,18,21级,管理,2,2,2,3,2,2,2.2,1.55,2.44,2.7,1.7,2.29,3,20,480,7,20,560,7,20,462,1502,17,2,480,跑步
555,18,2021级,工,2,1,3,3,2,2.08,2.1,2.27,2.11,2,1.9,2.31,2,30,480,5,30,600,7,30,693,1773,14,2,300,跑步
557,18,大一,管理,1,2,3,3,2,2.17,1.9,1.55,2,1.6,2.1,2.11,2,30,480,7,30,840,7,40,924,2244,16,2,300,排球，跑步
563,18,2021,理,1,2,3,3,2,2.08,1.1,1.55,1.67,2.6,1.2,1.9,0,0,0,0,0,0,5,30,495,495,5,1,480,跑步
571,18,大二,工,2,2,3,3,2,2.33,2.7,2.18,2.56,2.8,2.6,2.82,0,0,0,7,30,840,7,30,693,1533,14,2,480,骑自行车
573,18,大一,理,2,1,3,3,2,3.25,3.6,2.64,3.33,3.3,2.9,3.52,0,0,0,0,0,0,3,30,297,297,3,1,480,跑步
579,18,2021,理,2,2,3,3,2,2.25,2.1,2.09,2.33,2,2.1,2.39,0,0,0,0,0,0,7,30,693,693,7,2,360,步行
605,18,大一,管理,2,1,3,3,2,1.58,2.4,1.73,1.78,2.3,1.7,2.16,0,0,0,0,0,0,7,75,1733,1732.5,7,2,480,走路，跑步
606,18,大一,工,1,2,3,3,1,1.92,2.2,1.82,1.78,2.3,1.9,2.19,3,40,960,3,15,180,7,30,693,1833,13,2,300,跑步
612,18,21,工,1,2,3,3,2,1.75,2.2,2.18,2,1.9,1.7,2.26,5,30,1200,5,30,600,7,30,693,2493,17,2,480,篮球
613,18,2021,工,1,2,3,2,2,2.58,1.9,1.82,1.44,1.1,1.7,2.05,0,0,0,7,30,840,5,60,990,1830,12,2,480,跑步
614,18,2020,工,2,1,3,1,1,1.83,2,2.09,1.89,2.5,1.9,2.27,0,0,0,1,30,120,7,120,2772,2892,8,2,420,跑步 瑜伽
615,18,本科一年级,文,2,1,3,3,2,1.83,1.8,1.82,1.78,1.8,1.8,2,3,30,720,2,30,240,7,30,693,1653,12,2,420,跑步
616,18,2021级,文,2,2,3,2,2,1.75,1.6,1.55,1.89,2.3,1.4,1.9,2,20,320,5,30,600,0,0,0,920,7,2,480,跑步
620,18,大二,工,1,2,2,3,2,2.08,2.3,2.09,2,2.3,2.1,2.37,0,0,0,5,30,600,7,30,693,1293,12,2,480,骑车
629,18,大二,工,1,2,3,3,2,1.08,1.1,0.91,0.89,0.9,0.9,1.15,0,0,0,0,0,0,6,60,1188,1188,6,2,480,电子竞技
631,18,大一,工,1,2,2,3,2,1.33,1.4,1.27,1,1.8,0.9,1.45,0,0,0,4,20,320,3,20,198,518,7,1,600,打球，打游戏
633,18,2020,工,1,1,3,3,1,1.83,1.8,1.73,1.56,1.8,1.5,1.9,3,90,2160,7,30,840,7,30,693,3693,17,3,480,篮球
639,18,大二,文,2,1,4,3,3,2.33,2.1,2.64,2.56,2.3,2.4,2.61,1,100,800,7,15,420,5,30,495,1715,13,2,500,打太极
641,18,大一,理,1,1,3,3,1,0.92,1.5,0.91,0.89,0.9,0.9,1.1,5,80,3200,7,20,560,7,80,1848,5608,19,3,360,自行车
654,18,大二,工,2,2,3,2,3,2.08,1.9,1.82,1.78,1.8,1.8,2.11,0,0,0,0,0,0,7,30,693,693,7,2,480,无
655,18,2021,工,2,2,2,2,2,2.5,1.9,2,2.22,1.9,2,2.37,2,50,800,7,20,560,7,50,1155,2515,16,2,480,有氧运动
693,18,大三,工,1,2,3,3,1,1.17,1.2,1,1.11,1,1,1.29,3,20,480,5,40,800,7,40,924,2204,15,2,180,跑步
705,18,2020级,管理,2,2,3,3,3,2.17,2,1.45,2,2.3,1.5,2.1,0,0,0,3,30,360,7,30,693,1053,10,2,480,无
712,18,2021级,法,1,2,3,4,1,1.92,1.6,1.82,1.78,1.8,1.8,2.06,3,60,1440,7,60,1680,7,30,693,3813,17,3,600,回宿舍
713,18,2021级,文,1,2,3,3,1,2.17,2,2.18,2.44,2.3,1.7,2.37,3,45,1080,5,60,1200,7,30,693,2973,15,2,480,跑步
716,18,大一,文,1,2,3,2,1,0.92,0.9,1.09,0.89,0.9,0.9,1.05,1,120,960,7,120,3360,7,30,693,5013,15,3,720,篮球
723,18,大一,文,1,1,3,3,2,1.83,1.8,1.82,1.78,1.8,1.8,2.03,2,20,320,7,10,280,7,30,693,1293,16,2,300,俯卧撑
725,18,2021,文,1,1,3,3,1,1.83,1.8,1.82,1.78,1.8,1.8,2.02,7,120,6720,7,120,3360,7,120,2772,12852,21,3,300,篮球
727,18,大一,文,1,2,3,3,1,2.08,2.5,2.36,2.11,1.9,2,2.44,3,30,720,7,30,840,7,30,693,2253,17,2,480,跑步 打篮球
728,18,20201级,文,1,1,3,3,1,2.67,2.5,2.36,2.22,2.5,2.5,2.71,3,60,1440,2,60,480,2,100,660,2580,7,2,300,跑步 篮球
729,18,2021级,文,1,2,3,3,1,2.42,2.1,2,1.56,3,1.5,2.37,3,30,720,5,30,600,0,0,0,1320,8,2,480,篮球 滑板
730,18,2021,文,1,2,4,2,1,1.75,1.8,1.82,1.78,1.8,1.8,2.03,4,120,3840,0,0,0,7,10,0,4071,11,3,480,篮球
733,18,大一,文,1,1,2,2,1,1.83,1.8,1.82,1.78,1.8,1.8,2,2,180,3200,5,30,600,1,30,99,3579,8,3,480,篮球
735,18,大一,文,1,1,3,3,1,1.83,1.4,1.55,1.78,1.9,1.7,1.94,4,30,960,1,30,120,6,10,198,1278,11,2,120,打篮球，跑步
740,18,大一,文,1,2,3,3,1,2.42,2.1,1.73,2.33,1.9,1.9,2.32,3,20,480,0,0,0,7,60,1386,1866,10,2,480,篮球
746,18,大一,文,1,1,3,3,2,2.58,2.3,2.45,2.44,2.5,2.7,2.76,1,40,320,5,30,600,7,60,1386,2306,13,2,480,篮球
747,18,2020级,文,1,2,3,2,1,2.75,2.7,2.73,2.67,2.7,2.7,3,1,40,320,0,0,0,7,15,347,666.5,8,2,480,篮球
758,18,2021级,文,1,1,3,3,1,2.33,2.4,2.27,2.78,2.9,2.6,2.73,3,30,720,2,90,720,5,20,330,1770,10,2,300,打篮球
759,18,大一,文,1,2,2,2,2,2.08,2.2,2.55,2.22,2.7,1.8,2.48,5,30,1200,7,60,1680,7,30,693,3573,19,3,300,跑步
763,18,2021级,工,1,2,3,3,2,2.33,1.9,2.27,2.44,1.7,2.3,2.42,2,30,480,7,30,840,7,60,1386,2706,16,2,480,跑步
768,18,2021级,文,1,1,3,3,1,2.25,2.3,2.09,1.89,2.4,2.1,2.4,3,60,1440,5,30,600,3,30,297,2337,11,2,300,篮球，跑步
773,18,2021,管理,1,2,2,3,1,1.17,1.7,1.27,1.44,1.4,1.2,1.56,1,120,960,2,120,960,7,60,1386,3306,10,3,600,篮球
774,18,大一,文,1,2,3,3,1,2.17,2.3,1.73,2,3.2,1.4,2.32,1,180,1440,5,15,300,7,30,693,2433,13,2,480,篮球
775,18,2021,管理,1,2,3,3,2,2.75,2.7,2.73,2.67,2.7,2.7,3,2,40,640,3,30,360,7,20,462,1462,12,2,900,篮球
777,18,21,经济,1,2,2,2,2,1.42,0.9,0.91,0.89,1.3,0.9,1.21,0,0,0,0,0,0,6,30,594,594,6,1,480,跑步
783,18,大一,文,1,2,3,2,1,1.42,1.4,1.64,1.89,1.8,1.4,1.81,5,60,2400,7,60,1680,7,20,462,4542,19,3,480,篮球 跑步
788,18,2021,管理,1,2,3,2,1,1.25,1.2,0.91,1.11,1.1,1.1,1.27,3,180,5760,7,30,840,0,0,0,5160,10,3,480,篮球
789,18,2021,管理,1,2,3,3,2,1.75,2,1.82,1.78,1.4,1.8,1.95,2,60,960,4,30,480,0,0,0,1440,6,2,480,篮球
793,18,2021级,文,1,2,3,3,1,2.08,2.2,2.45,2.67,2.3,1.9,2.48,4,60,1920,7,60,1680,7,50,1155,4755,18,3,480,健身，跑步，打篮球
799,18,2021级,管理,1,2,1,2,1,2.25,1.8,1.91,1.56,2,2.2,2.19,4,40,1280,7,60,1680,7,60,1386,4346,18,3,300,篮球  跑步  羽毛球
800,18,大一,文,1,2,3,3,2,1.75,2,1.91,2.11,2.1,1.6,2.11,3,30,720,7,30,840,7,30,693,2253,17,2,480,球
801,18,2021级,文,1,2,3,3,1,1.83,1.8,1.82,1.78,1.8,1.8,2,5,120,4800,3,120,1440,7,180,4158,10398,15,3,240,篮球
803,18,2021级,文,1,2,3,3,2,2.5,1.9,1.91,2.89,1.7,2.1,2.37,1,120,960,7,30,840,7,60,1386,3186,15,3,360,篮球 跑步
806,18,大一,文,1,2,3,3,1,1.75,1.6,1.27,1.67,1.5,1.5,1.71,3,90,2160,3,60,720,7,20,462,3342,13,3,180,篮球
817,18,2021级,文,1,2,2,2,1,1.67,1.8,1.73,1.67,1.8,1.7,1.87,1,80,640,0,0,0,7,30,693,1333,8,2,480,羽毛球
823,18,2021级,管理,1,2,2,1,1,1.42,1.6,1.27,1.44,1.5,1.3,1.6,2,180,2880,3,60,720,7,30,693,4293,12,3,242,篮球，跑步，健身，爬山
825,18,大一,工,1,2,3,3,1,2.67,2.5,2.82,2.67,2.7,2.7,2.95,4,60,1920,0,0,0,7,60,1386,3306,11,3,120,篮球
833,18,大一,管理,1,2,3,3,1,2.17,2.1,2.09,2,2.3,1.8,2.37,2,40,640,7,30,840,7,60,1386,2866,16,2,120,篮球
837,18,大一,文,1,2,3,3,1,2.42,1.7,2,2.22,1.9,2.3,2.31,3,40,960,7,40,1120,7,35,809,2888.5,17,2,480,篮球或跑步
841,18,大一,教育,1,2,3,3,2,2.5,2.4,1.91,2.33,2.3,2.3,2.52,2,40,640,5,30,600,6,30,594,1834,13,2,480,跑步
844,18,2021级,工,1,2,3,4,2,1.92,1.9,1.91,1.67,2,1.8,2.11,1,40,320,1,30,120,3,15,149,588.5,5,1,200,篮球
850,18,2021级,文,1,2,2,3,2,1.92,2.4,2.27,2.67,2.4,2.3,2.5,1,120,960,1,120,480,7,180,4158,5598,9,3,480,篮球
859,18,大一,文,1,2,3,2,1,1.5,1.5,1.73,1.22,1.5,1.1,1.68,7,120,6720,1,20,80,6,46,911,7710.8,14,3,480,足球
861,18,21级,工,1,1,3,3,1,2.42,2.4,2.73,2.67,2.7,2.6,2.82,3,40,960,5,40,800,4,60,792,2552,12,2,60,篮球 跑步
863,18,2021,文,1,2,3,3,1,1.25,2,1.73,2.11,1.6,1.9,1.92,1,60,480,3,30,360,3,60,594,1434,7,2,480,篮球
865,18,2021级,文,1,2,3,3,1,2.75,2.7,2.73,2.67,2.7,2.7,3,5,30,1200,7,90,2520,4,30,396,4116,16,3,120,篮球
870,18,大一,文,1,2,2,1,1,1.08,1,1,1,1.1,0.9,1.18,7,30,1680,7,60,1680,7,30,693,4053,21,3,480,篮球
877,18,2021,工,1,2,3,3,2,2,1.6,2.18,2.11,2,1.8,2.13,0,0,0,0,0,0,7,10,231,231,7,1,480,步行
882,18,2021,经济,2,2,3,3,2,2,1.9,1.82,1.56,1.9,2.1,2.08,2,30,480,0,0,0,0,0,0,480,2,1,480,羽毛球 跑步
883,18,2021级,文,2,2,1,1,1,0.92,0.9,0.91,0.89,0.9,0.9,1,3,30,720,7,20,560,7,30,693,1973,17,2,120,跑步
890,18,大一,工,1,2,3,3,1,1.5,1.8,1.64,1.78,1.9,1.8,1.89,1,60,480,2,10,80,7,20,462,1022,10,2,20,篮球
891,18,大一,理,1,2,3,2,1,1.58,1.5,1.64,1.67,1.6,1.8,1.82,3,20,480,5,30,600,7,50,1155,2235,15,2,480,跑步，散步，羽毛球
902,18,2021,理,1,1,3,3,2,1.92,1.9,2,2.22,2.5,1.8,2.31,0,0,0,3,30,360,7,20,462,822,10,2,480,篮球
903,18,大一,理,2,2,3,3,1,1.92,2.2,1.91,2.11,2.4,1.9,2.31,2,40,640,2,30,240,7,60,1386,2266,11,2,400,跑步跳绳
911,18,2020,管理,1,2,4,3,2,2,2.1,1.82,2,1.8,1.8,2.15,0,0,0,7,60,1680,7,60,1386,3066,14,3,180,跑步
916,18,2020,工,1,2,2,2,2,2.25,2,1.91,2.67,2.5,2,2.47,0,0,0,2,30,240,3,30,297,537,5,1,480,走路
918,18,大二,理,1,1,2,2,1,1.92,2.2,1.91,1.89,2.3,1.8,2.24,5,25,1000,5,30,600,7,40,924,2524,17,2,60,增肌
920,18,2021,理,1,1,3,3,1,2.42,2.8,2.27,2.67,2.2,2.2,2.73,0,0,0,5,40,800,7,30,693,1493,12,2,480,跑步
921,18,2021,工,1,1,4,3,2,2.75,2.7,2.73,2.67,2.7,2.7,3,5,30,1200,7,30,840,7,30,693,2733,19,2,480,跑步，引体向上
927,18,大一,工,1,2,3,3,2,1.25,1.8,2,1.78,2,1.8,1.95,3,25,600,4,30,480,7,30,693,1773,14,2,300,跑步
937,18,2021,工,1,2,3,3,2,2.33,2,2.18,2.56,2.8,2.5,2.65,0,0,0,7,30,840,7,30,693,1533,14,2,480,跑步
942,18,2019,工,1,2,3,3,2,1.92,1.8,1.82,1.78,1.8,1.8,2.06,3,40,960,2,30,240,7,30,693,1893,12,2,500,跑步
948,18,2020,管理,1,2,3,3,2,3.08,2.4,2.64,2.44,2.7,2.6,2.97,0,0,0,5,30,600,7,120,2772,3372,12,3,480,羽毛球
962,18,大一,理,2,2,4,3,2,2.92,2.3,1.82,2.67,2.6,2.8,2.79,0,0,0,5,30,600,7,30,693,1293,12,2,480,跑步
964,18,大一,理,1,2,3,3,2,3.25,2.4,2.27,2.78,2.5,2.6,2.9,0,0,0,3,30,360,7,60,1386,1746,10,2,450,跑步
970,18,大一,文,2,2,2,3,2,2.75,2.8,2.27,2.56,2.9,2.4,2.89,0,0,0,0,0,0,7,40,924,924,7,2,480,网球
976,18,2021,理,1,2,3,3,2,2.58,2.5,2.18,2.56,2.6,2.6,2.84,3,30,720,5,30,600,0,0,0,1320,8,2,480,跑步
983,18,2021级,理,2,2,3,3,2,2.58,2.5,2.55,2.78,2.7,2.7,2.95,2,40,640,5,20,400,5,30,495,1535,12,2,300,走路，爬楼，爬坡，跑步
984,18,2021,工,1,2,3,3,2,2,2.1,2.09,1.89,2.3,1.8,2.26,0,0,0,0,0,0,7,120,2772,2772,7,2,360,走路
988,18,2021,工,1,1,4,3,1,2.17,2.2,2.09,2.22,2.1,2.3,2.45,6,30,1440,7,20,560,6,25,495,2495,19,2,360,慢跑
1001,18,2021,工,2,2,3,3,2,2.17,2.7,2.73,3,3,2.2,2.9,0,0,0,5,20,400,7,30,693,1093,12,2,480,有事
1004,18,2021,工,1,2,3,2,1,2.08,1.9,2,2,2.4,1.8,2.24,3,25,600,3,30,360,7,60,1386,2346,13,2,240,跑步
1012,18,2021,理,1,2,3,3,2,1.92,2,2.09,2.11,2.4,1.8,2.29,5,30,1200,0,0,0,7,30,693,1893,12,2,480,跑步
1017,18,大一,管理,1,1,3,2,2,2.58,2.1,2.45,2.33,2.9,2,2.66,3,60,1440,4,40,640,7,50,1155,3235,14,3,240,跑步，篮球，网球
1031,18,2021,经济,1,2,3,3,3,2.92,2.8,2.64,2.11,2.4,2,2.84,0,0,0,0,0,0,6,40,792,792,6,2,480,慢跑
1040,18,大一,工,1,2,3,3,2,2.75,2.7,2.73,2.67,2.7,2.7,3,3,30,720,3,30,360,1,20,66,1146,7,2,480,跑步
1042,18,2021级,工,2,2,3,3,1,1.25,1.2,1.27,1.22,1,0.9,1.29,3,20,480,7,120,3360,7,120,2772,6612,17,3,120,跑步
1045,18,2021,工,2,2,3,3,2,2.75,2.7,2.73,2.67,2.7,2.7,3,2,40,640,0,0,0,5,30,495,1135,7,2,480,走路
1050,18,大一,管理,2,2,3,3,2,2.17,2.1,1.55,1.78,2,2.1,2.21,3,30,720,7,30,840,7,30,693,2253,17,2,480,爬楼
1054,18,2021,工,1,2,2,3,1,1.92,1.7,1.82,1.78,1.9,1.8,2.03,5,30,1200,0,0,0,0,0,0,1200,5,2,480,跑步
1058,18,大一,工,1,2,2,3,1,2.42,2.4,2.45,3,2.9,1.8,2.71,3,20,480,7,60,1680,7,150,3465,5625,17,3,360,乒乓球，跑步
1063,18,2021级,理,1,1,3,2,2,2.67,2.5,2.73,2.67,2.7,2.7,2.95,3,120,2880,3,20,240,7,180,4158,7278,13,3,180,羽毛球
1067,18,大二,工,1,2,3,2,1,1.75,1.8,1.82,1.78,1.8,1.8,2.02,5,90,3600,4,90,1440,4,90,1188,6228,13,3,480,自重
1077,18,19,工,1,1,4,1,1,0.92,0.9,0.91,0.89,0.9,0.9,1,3,100,2400,1,100,400,7,100,2310,5110,11,3,100,1
1079,18,大一,理,1,1,3,3,1,2.33,2.2,2.27,2.33,2.3,2.1,2.53,4,30,960,7,60,1680,7,120,2772,5412,18,3,720,跑步，打乒乓球
1093,18,2021,理,1,1,3,3,2,1.83,1.8,1.82,1.78,1.8,1.8,2.05,5,50,2000,5,50,1000,7,180,4158,7158,17,3,480,跑步
1096,18,2021,文,1,2,2,1,2,1,1.4,0.91,1.11,1.3,0.9,1.27,0,0,0,7,30,840,7,60,1386,2226,14,2,60,俯卧撑，俄罗斯转体
1099,18,大一,理,1,2,3,3,2,1.42,2.2,2.09,3,2.1,1.8,2.29,2,90,1440,7,45,1260,7,45,1040,3739.5,16,3,720,打羽毛球
1107,18,大一,工,1,2,3,3,2,2.75,2.7,2.73,2.67,2.7,2.7,3,3,30,720,7,30,840,0,0,0,1560,10,2,480,跑步
1114,18,2021,理,2,2,3,3,2,2.33,2.4,2,2.33,2.2,2.4,2.52,0,0,0,7,30,840,7,30,693,1533,14,2,480,跑步打球
1116,18,2021,工,1,2,3,2,1,1.75,1.6,1.82,1.78,1.8,1.8,1.97,7,60,3360,7,60,1680,7,60,1386,6426,21,3,720,打篮球 跑步
1118,18,2021,理,1,2,3,3,1,2.5,2.5,2.09,2.89,2.8,2.8,2.81,0,0,0,7,20,560,7,10,231,791,14,1,150,散步
1120,18,大一,管理,1,2,3,3,2,3,3.2,3.27,3.33,3.6,3.6,3.69,4,15,480,0,0,0,5,60,990,1470,9,2,600,跑步
1129,18,大一,工,1,2,3,3,2,2.75,2.6,2.73,2.67,2.8,2.7,3,2,40,640,1,30,120,7,30,693,1453,10,2,480,慢跑
1133,18,2021,文,2,1,3,3,2,1.5,1.4,1.27,1.44,1.3,1.3,1.53,2,20,320,3,30,360,7,30,693,1373,12,2,480,散步
1135,18,大一,文,2,2,3,3,2,1.42,1.6,1.64,1.78,2.1,1.9,1.89,5,20,800,7,20,560,6,40,792,2152,18,2,360,爬楼
1138,18,2021,工,1,2,2,2,1,1.92,1.4,1.55,1.56,2.1,1.2,1.82,5,60,2400,7,30,840,7,180,4158,7398,19,3,240,羽毛球
1141,18,大一,工,1,2,3,3,1,2.42,2.2,2.18,2.56,2.5,2.4,2.61,4,30,960,5,30,600,7,30,693,2253,16,2,480,羽毛球
1143,18,2021,管理,1,1,2,2,1,1.08,1.5,1.55,1.56,1.8,1.4,1.68,4,30,960,3,30,360,7,30,693,2013,14,2,480,锻炼，拥有一个好身体
1145,18,2021,文,2,2,3,3,2,2.17,2.4,1.73,2.44,2.4,1.9,2.45,0,0,0,7,30,840,7,30,693,1533,14,2,480,爬楼梯
1147,18,大一,管理,2,1,3,3,2,2.83,2.6,2.64,2.78,2.9,2.5,3,0,0,0,0,0,0,5,120,1980,1980,5,2,480,步行
1151,18,2021级,工,1,1,3,3,2,2.75,2.2,3.09,2.67,2,3.4,2.95,5,30,1200,6,30,720,7,60,1386,3306,18,3,480,跑步
1152,18,大一,工,1,2,2,3,1,2.33,2.3,2.09,2.33,2.6,2.2,2.53,2,120,1920,5,120,2400,7,60,1386,5706,14,3,360,羽毛球
1155,18,2021,管理,1,2,2,3,1,2.5,2.3,2.73,2.67,2.7,2.7,2.9,4,60,1920,7,60,1680,7,60,1386,4986,18,3,300,羽毛球
1157,18,2021,文,2,2,3,3,2,2.08,2,2,1.89,2,1.8,2.23,0,0,0,0,0,0,7,40,924,924,7,2,480,跑步
1159,18,2021,工,1,2,2,2,1,1.17,1.3,1.45,1.33,1.1,1.7,1.5,3,40,960,3,40,480,4,30,396,1836,10,2,240,羽毛球
1160,18,大一,管理,1,2,3,3,1,2.42,2.7,2.64,3.11,2.9,2.6,2.98,5,30,1200,5,30,600,0,0,0,1800,10,2,480,走路
1162,18,2021,工,1,2,2,1,1,1.17,1.1,1.55,1.33,1.3,1.6,1.44,5,30,1200,2,50,400,7,30,693,2293,14,2,300,打羽毛球
1167,18,2021,管理,1,2,3,2,1,2.42,2,2,2,2.1,1.9,2.35,4,30,960,3,20,240,7,60,1386,2586,14,2,480,跑步
1172,18,大一,工,1,1,3,3,3,2.25,2.6,2.55,2.67,2,2.6,2.76,0,0,0,0,0,0,7,60,1386,1386,7,2,900,走路
1177,18,大一,管理,2,2,3,3,2,1.42,1,1.27,1.33,1.2,1.2,1.5,4,30,960,7,30,840,7,60,1386,3186,18,3,300,羽毛球
1179,18,2021,工,1,2,2,3,2,1.83,2.6,1.36,2.11,2.2,1.6,2.13,0,0,0,1,60,240,7,60,1386,1626,8,2,480,羽毛球，走路
1182,18,2021,管理,2,1,4,3,2,2.08,2.5,2.36,2.56,2,2.2,2.5,2,40,640,3,20,240,7,20,462,1342,12,2,480,跑步
1183,18,20,理,1,1,3,3,1,0.92,0.9,0.91,0.89,0.9,0.9,1,3,10,240,3,10,120,3,40,396,756,9,2,40,跑步
1185,18,大一,文,1,2,3,3,1,2.58,2.6,3.27,2.33,3.4,3,3.15,3,180,4320,3,180,2160,7,10,231,6711,13,3,480,篮球
1186,18,2021,文,2,2,3,4,2,3,3.1,4,3.33,2.8,3,3.55,0,0,0,7,40,1120,7,50,1155,2275,14,2,480,爬楼，慢跑
1193,18,大一,文,2,2,3,3,2,2.25,2.6,2.64,2.67,2.8,2.5,2.82,2,40,640,5,30,600,7,38,878,2117.8,14,2,480,爬楼
1196,18,2021级,理,1,2,3,3,2,2.83,2.7,2.64,2.67,2.7,2.7,3.02,0,0,0,7,20,560,7,50,1155,1715,14,2,480,跑步
1204,18,2021,工,1,2,2,2,2,1.58,1.9,1.45,1.78,2.5,1.8,2,3,15,360,7,10,280,7,30,693,1333,17,2,180,跑步
1207,18,2020,工,1,2,3,3,2,2.5,2.5,2.73,2.67,2.7,2.7,2.92,7,12,672,5,45,900,6,30,594,2166,18,2,60,跑步
1208,18,2021,工,1,2,3,3,2,2.58,2.5,2.73,2.78,2.7,2.7,2.95,5,30,1200,0,0,0,0,0,0,1200,5,2,480,跑步
1216,18,2021,工,1,2,3,1,1,1,0.9,1.64,1.11,1.1,1.2,1.32,2,30,480,7,30,840,7,30,693,2013,16,2,480,走路
1217,18,2021级,管理,1,2,3,3,2,2.75,2.5,1.91,2.22,2.9,2.1,2.68,0,0,0,7,25,700,7,30,693,1393,14,2,480,跑步，乒乓球，羽毛球
1218,18,2021,工,1,2,1,3,2,2.67,2.6,2.73,2.67,2.7,2.6,2.92,0,0,0,3,60,720,7,30,693,1413,10,2,480,羽毛球 跑步
1220,18,21,工,1,2,3,2,1,1.67,1.4,2,1.78,1.4,1.5,1.82,2,40,640,7,30,840,7,70,1617,3097,16,3,480,羽毛球
1224,18,2021,管理,1,1,3,3,1,1.25,0.9,1.64,1,1.2,1,1.44,3,60,1440,4,50,800,4,30,396,2636,11,2,400,篮球，跑步
1229,18,大一,工,1,1,4,3,3,2.17,2.4,2.55,2.22,2.4,1.9,2.53,0,0,0,5,20,400,7,20,462,862,12,1,600,走路，爬楼
1236,18,2020,工,1,2,3,2,2,1.08,0.9,0.91,0.89,0.9,0.9,1.03,0,0,0,0,0,0,7,60,1386,1386,7,2,480,跑步
1241,18,2021,理,1,1,3,3,1,2.42,2.2,1.91,2.22,2.1,2.2,2.4,2,30,480,2,30,240,7,30,693,1413,11,2,480,跑步
1248,18,2021,工,1,1,3,3,2,2.75,2.7,2.73,2.67,2.7,2.7,3,4,30,960,0,0,0,0,0,0,960,4,2,480,乒乓球
1264,18,大一,文,1,2,3,2,3,2.5,2,2.36,2.44,2.6,2.8,2.71,2,30,480,1,30,120,7,30,693,1293,10,2,480,跑
1268,18,大一,文,2,2,2,3,2,2.75,2.7,2.73,2.67,2.7,2.7,3,2,40,640,7,30,840,7,30,693,2173,16,2,480,跑步
1269,18,大一,工,1,1,2,2,1,2,1.8,2,2.22,2.5,2.3,2.4,2,40,640,7,30,840,7,30,693,2173,16,2,480,跑步
1271,18,2021级,工,1,2,3,3,2,2.75,2.7,2.73,2.67,2.7,2.7,3,0,0,0,5,30,600,7,30,693,1293,12,2,480,羽毛球
1272,18,大一,文,2,2,3,2,1,1.67,0.9,1.36,1.22,1.4,1.2,1.48,2,30,480,0,0,0,7,30,693,1173,9,2,480,锻炼身体
1276,18,大一,管理,1,2,2,3,1,1.83,1.8,2.27,2,1.9,1.8,2.15,6,75,3600,7,60,1680,7,60,1386,6666,20,3,480,羽毛球
1285,18,2021级,工,1,2,3,3,2,2.42,2.3,2.09,2.56,2.5,1.9,2.53,3,20,480,0,0,0,4,40,528,1008,7,2,480,乒乓
1,19,大二,法,2,2,3,3,2,2.67,2.6,2.09,2.22,1.9,2.7,2.58,0,0,0,1,30,120,0,0,0,120,1,1,480,跳绳
3,19,大二,工,1,1,2,3,2,2.5,2.1,1.82,2.22,2.4,1.8,2.42,0,0,0,0,0,0,7,90,2079,2079,7,2,240,躺着
4,19,大二,文,2,1,3,3,3,2.83,3,2.73,2.78,2.6,2.7,3.08,0,0,0,2,30,240,5,30,495,735,7,2,480,走路
5,19,20级,工,2,2,2,3,2,1.67,1.8,1.91,2,2.2,1.5,2.06,0,0,0,1,30,120,7,40,924,1044,8,2,360,跳绳，有氧运动
6,19,20,工,1,1,3,3,1,1.67,1.7,1.73,1.78,2.1,1.5,1.92,5,39,1560,7,30,840,7,60,1386,3786,19,3,500,篮球
8,19,20级,管理,2,2,2,2,2,1.92,1.4,1.64,2.11,2.1,1.7,2.02,1,50,400,2,30,240,7,15,347,986.5,10,2,480,跑步
10,19,2020,工,2,2,3,2,2,1.08,1.3,1.18,1.44,0.9,0.9,1.27,3,10,240,7,40,1120,7,40,924,2284,17,2,600,跳绳
11,19,2020级,工,1,1,4,3,1,1.83,1.6,1.64,1.89,1.9,1.8,2,4,30,960,3,10,120,7,30,693,1773,14,2,420,篮球，跑步
12,19,大二,工,2,2,3,3,2,3,3,2.73,2.78,2.7,3.3,3.24,7,30,1680,7,30,840,7,30,693,3213,21,3,480,步行 跑步
13,19,大二,理,1,2,3,2,2,1.42,1.8,2,2.44,3,1.3,2.18,4,30,960,4,60,960,7,60,1386,3306,15,3,210,骑车
16,19,2020级,理,2,2,3,3,2,1.83,1.8,1.82,1.78,1.8,1.8,2.02,0,0,0,7,30,840,7,30,693,1533,14,2,480,步行
17,19,2020,理,2,1,3,3,3,2.33,2.2,2.09,2,2,2.2,2.39,0,0,0,7,30,840,7,40,924,1764,14,2,480,爬楼
19,19,2020,工,1,2,3,3,1,2,1.9,2.36,2.11,1.9,2.2,2.29,4,40,1280,7,20,560,7,10,231,2071,18,2,240,跑步，篮球
21,19,2020,文,2,2,3,3,3,2.33,2.4,2.55,2.22,2.7,2.4,2.74,0,0,0,0,0,0,5,10,165,165,5,1,480,跑步
23,19,20级,工,1,2,2,2,1,0.92,1.4,1,0.89,1.2,0.9,1.23,2,40,640,7,25,700,7,60,1386,2726,16,2,480,篮球，长跑
28,19,2021,工,1,2,2,3,1,0.92,1.3,1.09,1.11,1.7,1.1,1.37,1,30,240,7,60,1680,7,60,1386,3306,15,3,480,跑步打球
40,19,大一,工,1,2,3,3,2,2.33,2.1,2.09,2.33,2.1,2,2.42,3,30,720,2,30,240,7,20,462,1422,12,2,120,走路
42,19,2021级,工,2,2,3,2,2,2.58,2.1,2.27,2.11,2.1,2.8,2.6,0,0,0,4,10,160,7,20,462,622,11,1,480,快跑
46,19,大一,理,2,1,4,3,1,1.67,1.7,2.55,2.44,2.6,1.7,2.29,2,90,1440,5,25,500,5,40,660,2600,12,2,480,乒乓球，羽毛球
48,19,2021级,理,2,2,3,2,2,1.42,1.5,1.45,2.11,1.7,1.4,1.81,3,30,720,7,20,560,7,60,1386,2666,17,2,600,跑步
51,19,2021级大一,法,2,2,2,2,3,2,2,1.82,2.11,2.3,1.8,2.23,3,16,384,7,10,280,7,30,693,1357,17,2,270,跑步
54,19,大一,工,1,1,3,3,1,3.42,3.1,2.36,2.78,3.2,3.1,3.31,4,30,960,7,40,1120,5,30,495,2575,16,2,480,跑步
59,19,大二,工,1,1,3,3,2,2.5,2.2,2.27,2.11,2.4,2.5,2.63,3,30,720,3,30,360,7,60,1386,2466,13,2,300,散步
61,19,2021,工,1,1,4,3,2,0.92,0.9,0.91,0.89,0.9,0.9,1,7,30,1680,7,30,840,0,0,0,2520,14,3,480,躺平
63,19,大一,工,1,1,4,3,1,1.67,2.1,1.82,1.89,2.5,1.7,2.26,0,0,0,5,30,600,5,30,495,1095,10,2,480,乒乓球足球
78,19,大一,工,1,2,3,3,1,1.25,1.3,1.73,2.11,1.8,1.1,1.73,3,60,1440,5,0,0,7,30,693,2133,15,2,600,跑步，打篮球
79,19,2021级,工,1,2,3,2,2,2.08,1.5,2.36,2,1.4,2.3,2.24,4,20,640,7,15,420,7,10,231,1291,18,2,540,跑步
90,19,大一,工,1,1,3,3,2,1.75,1.4,1.73,1.89,2,1.6,1.95,2,40,640,0,0,0,7,180,4158,4798,9,3,480,跑步
98,19,2021,工,1,2,3,3,2,1.75,1.8,1.91,2.11,1.2,1.8,1.94,4,30,960,4,30,480,4,30,396,1836,12,2,720,跑步
103,19,大二,工,1,2,3,2,1,1.33,1.4,1.91,1.56,1.7,1.1,1.68,3,20,480,7,20,560,7,30,693,1733,17,2,480,健腹轮、哑铃、俯卧撑、仰卧起坐、慢跑
105,19,大一,工,1,1,4,3,2,2.5,2.5,2.18,2.67,2.3,2.5,2.71,2,20,320,5,20,400,7,30,693,1413,14,2,480,跑步
111,19,2020,工,1,1,3,3,2,2.33,2.1,2.09,2.11,2.2,2.4,2.44,3,25,600,2,40,320,7,60,1386,2306,12,2,300,跑步
120,19,2021,工,2,1,3,4,1,2,1.1,1.27,1.33,1.5,0.9,1.68,0,0,0,1,30,120,7,40,924,1044,8,2,300,打球
123,19,大一,工,1,1,4,4,1,2.42,2.3,2.09,2.22,1.9,1.6,2.37,3,20,480,3,30,360,3,30,297,1137,9,2,480,乒乓球
129,19,20,工,1,2,3,3,1,1.92,2.2,1.82,2.11,2.1,1.8,2.24,4,15,480,4,15,240,7,30,693,1413,15,2,130,健身跑步
131,19,2020,工,1,2,3,3,2,2.17,2.2,1.45,1.78,1.8,1.6,2.15,0,0,0,0,0,0,5,60,990,990,5,2,480,乒乓球
132,19,大一,工,1,2,2,3,2,1.83,1.6,1.45,1.22,2.1,1.1,1.76,3,40,960,0,0,0,7,60,1386,2346,10,2,600,跑步
146,19,大一,工,1,2,3,3,1,2,2,2.27,2.33,2,2,2.29,6,120,5760,0,0,0,7,10,231,5991,13,3,480,跑步
154,19,2021,工,1,2,3,3,2,3,2.5,1.64,2.44,2.2,2.5,2.65,3,30,720,3,30,360,7,30,693,1773,13,2,540,跑步
157,19,大一,工,1,1,3,3,2,2.67,2.4,2.73,2.56,2.7,2.6,2.92,3,20,480,5,30,600,5,30,495,1575,13,2,480,跑步
160,19,大一,工,1,1,3,3,2,2,2,1.82,1.67,2.1,1.9,2.16,0,0,0,5,40,800,7,30,693,1493,12,2,480,跑步、打篮球
163,19,大一,工,1,1,4,2,1,2.08,1.7,2.09,2.11,1.8,2.1,2.19,4,60,1920,3,10,120,7,60,1386,3426,14,3,300,跑步，打羽毛球
168,19,大二,管理,2,1,3,3,2,2,1.7,2.36,2.11,2.1,2,2.27,0,0,0,0,0,0,7,30,693,693,7,2,480,跑步
173,19,大一,理,1,2,3,3,3,2.33,2.3,2.09,3.33,2.4,2,2.65,3,25,600,0,0,0,3,60,594,1194,6,2,480,跑步
183,19,大二,工,2,2,3,3,3,2.08,2.3,1.82,2.44,2.2,1.9,2.37,0,0,0,0,0,0,7,60,1386,1386,7,2,480,走路
184,19,2020级,工,2,2,3,3,2,2.33,2,1.82,2,1.9,1.8,2.23,2,20,320,7,60,1680,7,60,1386,3386,16,3,200,跑步
188,19,大一,工,1,1,4,4,2,2.92,1.9,2.18,2.56,2.1,2.6,2.74,0,0,0,0,0,0,5,30,495,495,5,1,480,跑步
190,19,大一,工,1,2,3,2,2,2.25,1.9,1.82,1.78,2.3,2,2.26,6,30,1440,7,30,840,7,30,693,2973,20,2,480,跑步
193,19,大一,理,2,2,2,2,2,2.33,1.6,1.55,1.67,2,1.9,2.03,0,0,0,2,30,240,7,60,1386,1626,9,2,840,走路
199,19,大一,理,2,2,2,2,3,2.08,1.2,0.91,0.89,1.2,0.9,1.4,3,60,1440,5,60,1200,7,60,1386,4026,15,3,600,跑步，走路，羽毛球，跳舞
204,19,大一,理,1,1,4,3,1,2.92,2.4,2.18,2.56,3,2.6,2.9,5,30,1200,7,30,840,7,60,1386,3426,19,3,480,跑步
206,19,大二,理,1,1,4,3,1,2.58,2.5,2.36,2.44,2.6,2.5,2.79,3,10,240,7,30,840,7,60,1386,2466,17,2,600,篮球，羽毛球
208,19,大一,工,1,2,2,1,2,1.42,2,1.09,1.67,1.8,1,1.65,0,0,0,7,60,1680,7,30,693,2373,14,2,600,跑步
210,19,大一,工,2,1,4,3,1,2.08,1.5,1.73,2.11,1.9,1.8,2.06,4,30,960,0,0,0,0,0,0,960,4,2,480,跑步
213,19,2020,工,1,1,4,3,1,2.5,1.7,1.91,2.33,2.7,1.8,2.44,0,0,0,7,30,840,7,30,693,1533,14,2,720,骑车 跑步
215,19,2020级,工,2,2,3,3,2,2.25,2.5,1.73,1.78,2,1.9,2.29,0,0,0,0,0,0,7,30,693,693,7,2,180,走路
220,19,2021,工,1,2,3,3,1,2.42,3.3,2.45,2.89,2.7,2.3,3.03,4,30,960,4,30,480,7,30,693,2133,15,2,480,长跑
228,19,大一,工,1,1,3,3,2,2.17,1.6,1.36,2.44,2.1,1.4,2.1,2,30,480,5,30,600,7,120,2772,3852,14,3,480,跑步，爬楼梯，引体向上
231,19,2021级,工,2,1,4,3,1,2.42,2,2,2.11,2,2.4,2.44,3,20,480,1,20,80,5,30,495,1055,9,2,480,跑步
239,19,2020,工,2,2,3,3,2,2.83,1.8,2.45,2.44,2,2.7,2.66,0,0,0,0,0,0,7,30,693,693,7,2,480,步道乐跑，赶早八
241,19,2021级,工,1,2,3,3,2,1.58,1.7,1.55,1.11,1.4,1,1.55,3,30,720,7,60,1680,5,30,495,2895,15,2,100,打篮球
242,19,2021级,理,1,2,3,3,2,1.17,1.9,1.45,1.56,2.9,0.9,1.87,4,90,2880,7,30,840,7,40,924,4644,18,3,480,羽毛球晨跑
250,19,2021级,理,1,1,3,3,1,2.42,2.4,2,2.78,2.5,2.3,2.68,4,60,1920,7,30,840,7,30,693,3453,18,3,360,拳击
251,19,2021,理,2,2,3,3,2,2.33,2,2.27,2.22,2.7,2.4,2.55,6,60,2880,7,30,840,7,30,693,4413,20,3,480,跑步、跳舞、练旗
265,19,2021,工,1,1,3,3,3,2.33,2.1,2,2,2,2,2.31,3,20,480,4,20,320,7,30,693,1493,14,2,480,跑步
268,19,大一,工,1,1,3,3,1,2.08,2.5,2.27,3.56,2.9,2.1,2.66,2,40,640,2,30,240,7,30,693,1573,11,2,720,跑步
272,19,大一,理,1,2,3,3,1,2.58,2.7,1.91,2.11,1.8,1.5,2.34,6,30,1440,7,10,280,7,30,693,2413,20,2,240,跑步，羽毛球
274,19,大二,工,1,2,3,3,2,2.75,2.4,2.82,2.89,2.9,3.1,3.08,0,0,0,0,0,0,4,30,396,396,4,1,300,跑步
276,19,大一,理,1,1,4,3,1,1.75,1.7,1.82,2,2.2,1.7,2.05,5,30,1200,5,30,600,7,30,693,2493,17,2,480,跑步
280,19,大一,工,1,1,3,3,1,2.5,2.1,2.45,2.67,2.6,2.8,2.82,3,20,480,7,20,560,7,10,231,1271,17,2,480,跑步
283,19,大一,理,2,1,3,3,1,2.42,1.2,1.73,1.22,1.7,1.7,1.89,0,0,0,7,40,1120,7,60,1386,2506,14,2,480,跑步
284,19,大二,文,1,2,3,2,1,2,1.9,1.27,1.89,1.9,1.6,1.98,3,30,720,7,10,280,7,60,1386,2386,17,2,720,跑步，打羽毛球，俯卧撑
285,19,2021,工,1,1,4,3,3,2.67,2.6,2.73,2.56,2.6,2.6,2.92,5,30,1200,2,20,160,7,10,231,1591,14,2,900,无
286,19,大一,工,2,2,2,3,2,2,1.8,1.64,1.89,2.1,1.8,2.1,0,0,0,5,30,600,7,20,462,1062,12,2,300,走路跑步
287,19,大一,工,1,2,4,3,1,2.08,2.5,1.55,2.67,2.3,1.4,2.29,2,30,480,4,30,480,7,40,924,1884,13,2,300,慢跑
308,19,2020,管理,2,1,3,3,2,2.08,2.1,1.82,2.22,2.3,2.2,2.34,0,0,0,0,0,0,7,30,693,693,7,2,180,跑步啦啦操
312,19,2020,管理,1,2,3,3,1,3.25,1.8,1.91,1.78,1.5,1.6,2.26,3,45,1080,7,30,840,7,30,693,2613,17,2,480,跑步
318,19,2020,管理,1,2,3,3,1,1.75,1.9,1.91,2,2.5,1.5,2.13,4,30,960,7,30,840,6,30,594,2394,17,2,600,乒乓球
323,19,2020,管理,1,2,2,2,1,1.08,1.3,1.36,1.11,2,1.2,1.48,0,0,0,4,30,480,7,180,4158,4638,11,3,600,跑步
325,19,2020,文,2,2,3,3,2,2.5,2,2.27,2,1.5,2.8,2.48,2,30,480,7,30,840,7,30,693,2013,16,2,480,跑步跳绳
329,19,2020,工,2,2,3,3,2,2,1.7,1.91,1.89,2.3,1.8,2.18,3,15,360,5,30,600,5,30,495,1455,13,2,480,骑车
330,19,2020级,工,2,2,4,3,1,1.75,1.7,1.64,2.33,2.1,1.7,2.03,4,60,1920,2,30,240,7,120,2772,4932,13,3,600,跑步 打羽毛球
347,19,大二,工,1,2,3,2,2,2.58,2.7,2.82,2.56,3.3,2.5,3.02,0,0,0,0,0,0,7,40,924,924,7,2,240,走路
351,19,大二,理,2,2,3,3,1,1.17,1.6,1.82,1.44,2.3,1.8,1.85,2,40,640,7,30,840,7,40,924,2404,16,2,420,跳操
352,19,20,工,1,2,2,3,1,1.67,1.3,1.73,1.67,1.4,1.5,1.74,3,30,720,2,30,240,5,20,330,1290,10,2,300,篮球
360,19,大二,管理,1,1,4,3,1,2.5,2.3,2.36,2.33,2.3,2.8,2.68,6,40,1920,0,0,0,7,40,924,2844,13,2,300,跑步
380,19,20,工,1,2,3,3,1,1.83,1.8,1.82,1.78,1.8,1.8,2.02,0,0,0,2,60,480,7,40,924,1404,9,2,300,羽毛球
385,19,20,管理,1,1,3,3,2,3.25,2.9,2.91,3,2.6,3,3.23,0,0,0,0,0,0,5,30,495,495,5,1,360,小跑
387,19,2020,管理,1,2,3,4,1,1.75,1.7,1.45,1.44,1.3,1.4,1.76,4,30,960,3,30,360,7,45,1040,2359.5,14,2,480,跑步 打球
393,19,2020,管理,1,2,4,3,2,2.67,2.5,2.64,2.44,2.8,2.6,2.9,2,30,480,5,20,400,7,60,1386,2266,14,2,360,篮球，羽毛球，乒乓球
395,19,大一,理,2,1,4,3,1,1.83,1.9,1.18,1.78,1.8,1.5,1.85,2,30,480,3,30,360,0,0,0,840,5,2,480,跑步
398,19,大二,工,2,1,4,3,1,1.08,1.2,1.27,1.22,1.2,1,1.29,3,20,480,3,30,360,7,180,4158,4998,13,3,240,锻炼身体
404,19,大二,管理,1,1,3,4,2,3,2.4,3.09,2.67,2.6,2.9,3.1,0,0,0,2,30,240,7,60,1386,1626,9,2,180,乒乓球
414,19,20,管理,1,1,3,3,1,1.92,2.4,2.18,2,1.9,1.7,2.31,2,30,480,3,10,120,7,15,347,946.5,12,2,480,跑步
429,19,大二,管理,1,1,2,3,2,2.25,2.3,2.64,2.22,2.4,2.7,2.66,0,0,0,1,30,120,7,120,2772,2892,8,2,480,跑步
473,19,2021,工,1,1,3,3,2,3,2.5,2.73,2.67,2.7,2.7,3.02,0,0,0,7,30,840,7,60,1386,2226,14,2,480,无
493,19,大一,工,1,1,4,3,3,2,2.3,1.82,1.89,2.4,1.5,2.23,2,10,160,1,10,40,7,30,693,893,10,2,720,跑步
494,19,2020级,管理,2,2,3,3,2,2.33,1.9,1.82,1.89,1.7,2.2,2.24,0,0,0,0,0,0,5,60,990,990,5,2,180,慢跑
496,19,2020,管理,1,2,3,3,1,1.08,1.5,2.09,2.44,1.5,1.5,1.84,0,0,0,0,0,0,7,60,1386,1386,7,2,250,篮球
509,19,20级,管理,2,1,3,4,3,3,2.7,2.27,2.78,2.9,2.8,3.06,0,0,0,0,0,0,7,30,693,693,7,2,480,走路
543,19,2021级,工,1,2,3,3,1,2.92,1.7,1.82,2.11,2,2.1,2.35,3,30,720,0,0,0,7,25,578,1297.5,10,2,600,跑步、篮球
550,19,大一,管理,2,1,3,3,1,2.58,2.8,2,2.44,2.5,2.3,2.71,2,20,320,7,60,1680,7,60,1386,3386,16,3,480,跑步，走路
552,19,2020级,工,2,2,2,3,1,1.58,2,1.45,1.78,2.4,1.8,2,2,40,640,3,90,1080,7,30,693,2413,12,2,480,跑步
554,19,2020级,工,1,2,3,2,2,1.33,1.8,2,1.78,2.4,1.1,1.97,0,0,0,5,30,600,7,30,693,1293,12,2,600,羽毛球
564,19,大一,工,1,2,3,2,1,2.17,1.9,1.45,1.78,2.5,1.5,2.13,3,30,720,7,30,840,7,60,1386,2946,17,2,480,跑步
572,19,2021,理,2,2,3,3,2,2.58,2.4,1.91,2.56,2.4,2,2.58,0,0,0,7,30,840,4,30,396,1236,11,2,480,跑步，打羽毛球
575,19,大一,工,1,2,2,1,1,1.83,1.8,1.82,1.78,1.8,1.8,2,0,0,0,7,30,840,7,180,4158,4998,14,3,500,俯卧撑，凯格尔
576,19,大学二年级,工,2,2,2,4,2,2,2.7,2.36,2.89,3.2,2.6,2.89,0,0,0,5,30,600,7,30,693,1293,12,2,480,跑步
580,19,20,工,2,2,3,2,2,1.5,2.6,1.82,2.56,3.2,1.6,2.39,0,0,0,0,0,0,5,30,495,495,5,1,480,步行、滑板
582,19,大一,工,2,1,3,3,2,2.42,2,2.45,2.33,2.2,2.2,2.53,0,0,0,0,0,0,7,60,1386,1386,7,2,480,跑步
602,19,21级,工,1,1,4,3,1,1.42,1.9,1.18,1.78,1.4,1.4,1.69,2,90,1440,0,0,0,3,60,594,2034,5,2,720,跑步
609,19,20,工,1,1,3,3,2,2,1.8,1.91,1.89,2.2,1.9,2.21,0,0,0,0,0,0,7,30,693,693,7,2,600,散步
617,19,2020,工,2,2,3,3,1,1.58,2.1,1.91,2.33,1.9,2,2.15,0,0,0,7,30,840,6,40,792,1632,13,2,480,跑步
621,19,大二,文,2,2,3,3,2,2.25,2,1.82,1.78,1.8,1.8,2.16,0,0,0,0,0,0,7,60,1386,1386,7,2,480,跑步
622,19,2020,法,2,2,2,2,2,2.25,2.2,2.09,1.89,2.4,1.8,2.35,1,30,240,1,30,120,5,30,495,855,7,2,60,跑步
623,19,大二,法,2,2,2,2,2,2.58,2.3,1.82,2.22,2.5,1.8,2.52,0,0,0,0,0,0,7,20,462,462,7,1,480,羽毛球，跳绳
624,19,2020级,工,1,2,3,3,1,2,2.8,2.18,2.78,2.2,2.3,2.61,3,40,960,0,0,0,7,60,1386,2346,10,2,480,长跑
625,19,2020,理,2,1,4,3,2,2.42,1.8,2.09,2.11,2.3,2.3,2.42,0,0,0,2,30,240,7,30,693,933,9,2,360,乒乓球
628,19,大二,工,2,2,3,3,2,2,2.2,1.45,2,1.5,1.7,2.03,3,45,1080,5,60,1200,7,60,1386,3666,15,3,300,长跑
630,19,2020,理,1,2,3,3,2,1.92,2.2,2.09,2,2.5,1.1,2.24,3,39,936,2,40,320,7,60,1386,2642,12,2,360,篮球跑步
642,19,大二,文,2,2,3,3,2,2.58,2.7,2.45,2.44,2.5,2.5,2.85,0,0,0,5,30,600,0,0,0,600,5,1,480,跑步
644,19,2020,管理,1,2,2,2,1,1.83,1.7,1.73,1.56,2.1,1.9,2.08,0,0,0,7,30,840,7,40,924,1764,14,2,480,篮球
647,19,2020级,工,1,2,4,2,2,2.33,3,2.82,2.67,3.3,2.6,3.1,0,0,0,0,0,0,7,40,924,924,7,2,720,跑步
651,19,大二,工,2,1,3,3,2,2.42,2.6,2.64,2.56,2.8,2.4,2.85,0,0,0,7,30,840,7,30,693,1533,14,2,420,走路
676,19,2020级,文,2,2,2,2,2,1.83,1.8,1.82,1.78,1.8,1.9,2.02,3,30,720,4,30,480,7,50,1155,2355,14,2,480,跑步
711,19,2021,文,1,2,3,3,1,1.83,1.8,1.82,1.89,2,1.8,2.08,4,120,3840,4,120,1920,7,30,693,6453,15,3,720,篮球
718,19,大一,文,1,2,2,2,1,1.17,1.1,1.18,1.33,1.4,1.3,1.34,7,60,3360,2,60,480,0,0,0,3840,9,3,60,篮球
720,19,2021,文,1,2,3,2,1,2.17,2.3,1.73,1.89,1.9,1.5,2.23,4,30,960,4,30,480,4,50,660,2100,12,2,480,篮球
722,19,大一,文,1,2,3,2,1,2.42,2.5,2.64,2.56,2.7,2.6,2.79,3,60,1440,2,30,240,4,30,396,2076,9,2,60,篮球跑步
724,19,21级,文,1,2,2,3,1,1.5,1.2,1.18,1.11,1.7,1.3,1.45,3,60,1440,7,30,840,7,30,693,2973,17,2,480,篮球，羽毛球，跑步，室内锻炼
734,19,21级,文,1,2,3,3,1,2.67,2.4,3,2.56,2.5,2.7,2.97,2,30,480,3,30,360,0,0,0,840,5,2,480,篮球
739,19,2020,文,1,2,3,3,1,1.67,2.2,1.55,2.11,2.2,1.6,2.08,1,120,960,0,0,0,0,0,0,960,1,2,480,篮球
741,19,2020级,法,1,1,3,3,1,2.08,2.1,2.18,2.22,2.7,2.5,2.48,1,30,240,1,60,240,7,60,1386,1866,9,2,480,篮球
745,19,大二,管理,1,2,2,3,2,1.92,2,1.82,2,1.8,1.8,2.1,0,0,0,3,20,240,7,30,693,933,10,2,480,篮球
748,19,2020,文,1,2,3,3,1,1.92,1.9,2,1.89,2.1,1.9,2.16,1,40,320,6,60,1440,7,60,1386,3146,14,3,480,篮球
750,19,2020级,文,1,2,3,3,1,1.83,1.8,1.91,1.78,1.8,1.8,2.03,3,30,720,7,30,840,7,50,1155,2715,17,2,120,篮球
752,19,2021,文,1,1,3,3,1,2.83,1.8,2.09,2.22,2.2,1.3,2.31,2,60,960,0,0,0,0,0,0,960,2,2,480,篮球，跑步
753,19,2021,管理,1,2,3,3,1,1.67,2.2,2.55,2.44,2.6,1.9,2.42,5,60,2400,1,39,156,7,90,2079,4635,13,3,360,篮球跑步游泳
755,19,大一,文,1,2,2,2,1,1.83,1.7,2,1.78,2.1,1.8,2.15,3,40,960,0,0,0,7,180,4158,5118,10,3,240,健身
762,19,大二,文,1,2,3,3,2,1.92,1.8,2.09,2.11,2.2,1.8,2.26,2,60,960,2,30,240,7,35,809,2008.5,11,2,180,篮球，跑步
764,19,2021级,文,1,2,3,3,1,2.33,2.3,2.18,2.22,2.5,2.2,2.52,4,40,1280,2,20,160,7,30,693,2133,13,2,480,跑步，篮球
766,19,2020级,文,1,2,3,3,1,1.5,1.9,1.36,2,1.5,1.4,1.81,0,0,0,7,30,840,7,90,2079,2919,14,2,400,篮球
767,19,大一,管理,1,1,3,3,1,2.17,2,2,2,2.1,1.8,2.24,1,90,720,5,30,600,7,30,693,2013,13,2,480,篮球，跑步
769,19,大一,管理,1,2,1,2,1,1,1.3,1.09,1.11,1.5,1.1,1.27,3,30,720,7,30,840,7,60,1386,2946,17,2,120,篮球
781,19,2021,文,1,2,3,3,2,2.08,2.3,2.45,2.33,2.8,1.8,2.55,0,0,0,5,60,1200,7,15,347,1546.5,12,2,480,羽毛球
786,19,2021级,文,1,2,3,3,2,2.08,2.1,1.82,2.22,1.8,1.3,2.13,2,80,1280,0,0,0,7,30,693,1973,9,2,480,篮球
787,19,2021级,文,1,2,3,3,2,2.25,2.4,1.91,2,2.4,2.6,2.5,0,0,0,7,30,840,7,30,693,1533,14,2,480,散步
790,19,2021,管理,1,1,3,3,1,2,2.2,1.82,2.22,2,1.7,2.21,5,120,4800,6,120,2880,7,15,347,8026.5,18,3,300,篮球
797,19,2021级,工,1,2,3,3,1,1.83,1.5,1.82,1.78,1.7,1.7,1.89,6,70,3360,6,70,1680,7,30,693,5733,19,3,480,健身
798,19,2020级,文,1,2,3,3,2,2.5,2.5,2.55,2.56,2.7,2.7,2.84,0,0,0,5,30,600,5,30,495,1095,10,2,480,跑步
804,19,2021,文,1,2,3,3,1,2.5,2.3,2.64,2.33,2,2.8,2.71,0,0,0,0,0,0,7,30,693,693,7,2,480,篮球
811,19,2021级,法,1,2,3,3,1,1.75,2.1,2.09,2.22,2.6,2.1,2.35,5,60,2400,7,30,840,7,120,2772,6012,19,3,300,篮球，跑步
815,19,2020,文,1,2,3,3,1,1.83,1.8,1.82,1.78,1.8,1.8,2.03,7,120,6720,0,0,0,7,30,693,7413,14,3,120,篮球
816,19,2020级,文,1,2,3,1,2,1.83,2,1.91,2.44,2.3,2.3,2.34,2,30,480,0,0,0,7,30,693,1173,9,2,480,跑步 游泳
818,19,2021,文,1,1,3,3,1,1.42,1.5,2,1.89,1.9,1.6,1.85,1,30,240,1,30,120,7,30,693,1053,9,2,480,健身房
819,19,大二,文,1,2,3,3,1,1.42,1.3,1.64,2,1.9,2.3,1.94,7,100,5600,7,30,840,7,30,693,7133,21,3,120,篮球
821,19,2020级,文,1,2,3,3,1,0.92,0.9,1.09,0.89,0.9,0.9,1.08,3,30,720,1,60,240,7,30,693,1653,11,2,480,打篮球
822,19,2021,文,1,2,2,2,1,1.83,1.8,1.82,1.78,1.8,1.8,2,3,60,1440,6,60,1440,7,120,2772,5652,16,3,480,篮球
824,19,2021级,工,1,2,3,3,1,1.5,1.6,1.45,1.33,1.6,1.8,1.74,3,120,2880,5,30,600,7,30,693,4173,15,3,480,跑步
827,19,大二,文,1,2,3,3,2,2.5,2.7,2.36,2.78,2.5,2.4,2.84,0,0,0,0,0,0,7,30,693,693,7,2,480,爬山
830,19,21,文,1,2,3,2,1,1.58,1.5,1.36,1.11,1.7,1.2,1.58,1,30,240,5,30,600,7,30,693,1533,13,2,480,篮球
831,19,2020,文,1,2,3,3,1,2,2.1,2.18,1.89,1.9,2.1,2.23,3,120,2880,5,10,200,7,60,1386,4466,15,3,900,篮球 跑步
835,19,2021,文,1,1,3,3,1,1.67,1.8,1.64,1.56,1.6,1.8,1.85,4,60,1920,1,60,240,7,120,2772,4932,12,3,240,打篮球
839,19,2020,文,1,2,3,3,1,2.67,2.5,3.27,3.11,2.8,3.1,3.18,3,30,720,7,10,280,7,60,1386,2386,17,2,360,篮球
840,19,大一,文,1,2,1,2,1,1.33,1.1,1.18,1,2.1,1.3,1.45,2,30,480,4,30,480,7,20,462,1422,13,2,480,篮球跑步
843,19,2021,文,1,1,4,4,1,2.5,1.7,2.64,2.22,2.8,2.5,2.71,3,30,720,5,15,300,1,30,99,1119,9,2,480,打球
848,19,2020,文,1,2,2,3,1,1.92,1.9,1.82,1.78,2,1.8,2.1,2,90,1440,7,20,560,0,0,0,2000,9,2,300,篮球
852,19,20,文,1,2,3,3,1,1.67,1.2,1.09,1.11,1.2,1.1,1.44,3,30,720,0,0,0,4,20,264,984,7,2,300,跑步 篮球
853,19,2020,文,1,2,1,2,1,1.75,2,1.73,1.78,2.1,1.5,2.02,2,60,960,7,30,840,7,90,2079,3879,16,3,180,足球篮球滑板跑步
854,19,2021,文,1,2,3,3,2,2.25,2.5,2.27,2.33,2.4,2.1,2.6,3,10,240,7,30,840,4,30,396,1476,14,2,200,跑步
858,19,2021级,文,1,2,2,3,1,1.92,2.2,2,2.33,2.7,1.9,2.39,3,120,2880,7,60,1680,7,30,693,5253,17,3,480,篮球
866,19,2021级,文,1,2,2,2,1,1.58,1.7,1.64,2,2.5,1.2,1.95,4,120,3840,7,90,2520,7,30,693,7053,18,3,420,健身
867,19,大一,文,1,2,2,2,1,1.75,1.8,1.82,1.78,1.8,1.8,1.98,2,30,480,7,30,840,0,0,0,1320,9,2,480,篮球
879,19,2020,法,1,2,3,2,1,1.25,1.1,1.27,1.11,1,1,1.32,2,40,640,2,30,240,7,100,2310,3190,11,3,480,跑步篮球
881,19,2020,工,1,2,3,3,3,2.75,2.7,2.73,2.67,2.8,2.9,3.1,0,0,0,0,0,0,7,30,693,693,7,2,600,散步
885,19,2020,工,1,1,3,3,2,2.67,2.6,2.73,2.67,2.7,2.7,2.97,3,30,720,7,25,700,7,60,1386,2806,17,2,60,跑步
894,19,2020,管理,2,1,3,3,2,2.58,2.5,2.27,2.44,2.7,2.5,2.79,0,0,0,5,30,600,0,0,0,600,5,1,480,爬楼
898,19,21级,管理,2,2,3,3,2,1.92,1.9,1.82,2.11,2,1.8,2.15,0,0,0,5,30,600,7,60,1386,1986,12,2,480,走路
904,19,2020级,文,2,2,3,3,2,1.92,1.9,1.91,1.78,1.9,1.8,2.11,2,15,240,5,30,600,7,60,1386,2226,14,2,480,跑步，走路
907,19,2020,工,1,1,3,4,2,2,2.7,2.36,2.44,2.9,2.8,2.76,0,0,0,5,30,600,7,60,1386,1986,12,2,720,散步
908,19,2020,工,1,2,4,3,2,3,2.3,2.36,2.78,2.8,2.9,2.95,0,0,0,0,0,0,7,60,1386,1386,7,2,480,步行
915,19,2020,工,1,2,3,3,2,2.5,1.7,2.73,2,2.3,2.2,2.5,2,30,480,7,30,840,7,30,693,2013,16,2,480,爬楼
919,19,2020,工,1,1,3,3,2,2.5,2,2.82,2.11,2.2,2.4,2.61,1,40,320,1,30,120,7,60,1386,1826,9,2,240,跑步
924,19,2021,工,1,1,3,3,2,2,2,1.91,2,2.6,2.1,2.31,2,30,480,7,20,560,0,0,0,1040,9,2,720,跑步
928,19,2019,管理,1,2,3,3,1,1.92,1.9,2.45,2.22,2.4,2.5,2.44,0,0,0,0,0,0,7,60,1386,1386,7,2,200,羽毛球
930,19,2020,工,2,2,3,3,2,1.58,2.3,2,2.33,2.3,1.7,2.29,2,30,480,3,30,360,7,30,693,1533,12,2,480,走路，跑步，跳舞
932,19,大二,工,2,2,3,3,3,2.17,2.4,2.55,2.33,2.4,1.9,2.56,0,0,0,0,0,0,5,30,495,495,5,1,480,走路
934,19,2021,管理,1,2,3,3,1,2.42,2.5,2.73,2.33,2.7,2.6,2.77,3,60,1440,0,0,0,3,30,297,1737,6,2,480,乒乓球
939,19,2020,工,2,1,3,3,2,1.67,1.5,1.55,1.22,2,1.7,1.82,1,40,320,1,30,120,7,120,2772,3212,9,3,480,慢跑
943,19,2021级,理,1,1,4,3,2,2.58,2.1,2.45,2.44,2.6,2.5,2.68,0,0,0,7,120,3360,7,80,1848,5208,14,3,480,跑步
945,19,大一,管理,2,1,3,3,1,1.92,2.1,1.73,1.78,1.8,2,2.13,0,0,0,7,30,840,7,30,693,1533,14,2,480,跑步
946,19,2019,工,1,2,3,2,1,1.83,2.2,1.64,2.22,2.5,1.7,2.24,2,80,1280,7,20,560,7,60,1386,3226,16,3,400,健身
947,19,大二,文,1,2,3,2,1,1.92,2.2,2.18,2.22,2.2,1.8,2.32,4,40,1280,5,30,600,6,30,594,2474,15,2,420,篮球 跑步 健身
953,19,2020,工,2,2,3,3,2,2.67,2.6,2.82,2.89,2.8,2.7,3.05,0,0,0,5,30,600,0,0,0,600,5,1,480,慢跑
954,19,2020,管理,1,1,3,4,3,2.5,3.1,2.27,3.22,1.9,2.4,2.89,0,0,0,5,30,600,0,0,0,600,5,1,300,爬楼，
963,19,2020,工,2,2,1,2,1,1,1.1,1.45,1.33,1.3,1.6,1.44,3,30,720,5,30,600,5,60,990,2310,13,2,480,打篮球
967,19,2020,管理,2,2,3,3,2,2.5,2,2.18,2.33,2.6,2.4,2.56,0,0,0,5,30,600,7,60,1386,1986,12,2,600,走路 爬楼
971,19,大一,工,1,1,3,3,2,1.83,1.8,2.18,2.22,2,2.3,2.31,7,30,1680,7,30,840,0,0,0,2520,14,3,480,跑步乒乓球
972,19,2020,工,1,1,2,3,1,1.67,1.4,1.27,1.78,1.4,1.1,1.61,2,30,480,0,0,0,7,30,693,1173,9,2,480,跑步，打篮球
975,19,大一,管理,1,1,3,3,2,1.83,1.8,1.27,1.89,2.2,1.6,1.98,5,60,2400,0,0,0,7,30,693,3093,12,3,480,跑步
985,19,2020,工,1,1,2,3,2,2.33,2.2,2.36,1.67,2.3,1.6,2.32,0,0,0,3,10,120,7,30,693,813,10,2,480,体育打卡
990,19,2020,理,1,2,3,3,2,2.58,2.5,2.55,2.56,2.7,2.7,2.89,0,0,0,0,0,0,7,120,2772,2772,7,2,480,网球
999,19,大一,管理,2,2,3,3,2,2.42,2.1,2.27,2.22,2.7,2.2,2.58,0,0,0,5,30,600,7,30,693,1293,12,2,480,走路
1003,19,2020,工,1,2,3,2,2,1.83,1.8,1.82,1.78,1.8,1.8,2.05,6,30,1440,0,0,0,0,0,0,1440,6,2,480,跑步
1010,19,大一,工,2,1,3,3,2,2.17,2.2,2.73,2.11,2.2,2.3,2.58,3,30,720,7,30,840,7,30,693,2253,17,2,480,跑步，羽毛球
1013,19,1062002,工,1,1,3,3,2,1.83,1.7,1.82,1.78,1.8,1.8,2.05,3,20,480,0,0,0,3,60,594,1074,6,2,300,慢跑
1015,19,2021,理,1,1,3,3,2,2.25,2.5,2.36,2.67,2.8,2.8,2.82,6,30,1440,6,30,720,7,120,2772,4932,19,3,480,跑步
1016,19,2020,文,2,2,2,2,2,2,1.7,1.55,1,1.9,1.2,1.77,0,0,0,7,30,840,7,30,693,1533,14,2,480,走路，爬楼梯
1019,19,2020,工,2,1,3,3,2,3.08,2.4,2.64,2.33,2.7,2.5,2.92,0,0,0,0,0,0,5,30,495,495,5,1,480,散步
1020,19,2020,理,1,2,3,4,1,2.42,3.2,2,2.44,2.1,2.6,2.82,5,40,1600,6,20,480,6,30,594,2674,17,3,480,跑步
1022,19,2021级,工,1,1,3,3,1,1.75,1.5,1.82,1.78,2.5,2.1,2.11,0,0,0,5,30,600,7,30,693,1293,12,2,480,跑步  打网球
1028,19,2020,工,1,2,4,3,2,2.08,2,2.09,1.89,2,1.8,2.24,2,40,640,5,30,600,7,60,1386,2626,14,2,600,跑步
1034,19,2020,工,1,2,3,3,2,2.25,2,1.91,2,2.1,2.5,2.34,3,30,720,5,30,600,7,30,693,2013,15,2,480,网球
1037,19,2020,工,1,2,3,2,2,2.67,2.4,2.73,2.89,2.9,2.7,3.02,2,40,640,1,30,120,7,30,693,1453,10,2,480,跑步
1044,19,2020,理,1,2,3,3,2,2.58,2.7,2.73,2.67,2.7,2.5,2.94,0,0,0,0,0,0,6,30,594,594,6,1,480,乒乓球
1051,19,大一,文,2,2,3,3,3,1.25,2,1.36,1.67,3,1.3,2,0,0,0,5,30,600,7,180,4158,4758,12,3,480,步行
1056,19,2020,工,1,2,3,3,1,2.67,2.4,2.64,2.44,2.7,2.6,2.84,3,120,2880,5,30,600,7,30,693,4173,15,3,480,羽毛球
1057,19,2021级,工,1,2,3,3,2,2,1.9,2.09,2.89,3.7,1.7,2.61,0,0,0,7,30,840,7,60,1386,2226,14,2,480,跑步
1073,19,2020,工,1,1,3,2,1,2.5,2.4,2.36,2.67,2.8,2.5,2.84,5,15,600,5,20,400,7,30,693,1693,17,2,480,跑步
1076,19,2021,工,1,1,3,4,2,1.75,2.2,1.82,1.56,1.5,1.1,1.84,3,10,240,7,10,280,7,40,924,1444,17,2,480,跑步
1085,19,大一,工,1,2,3,3,2,1.92,3,2.64,2.67,2.5,2,2.74,3,20,480,0,0,0,7,30,693,1173,10,2,300,跑步
1090,19,2020,工,2,2,3,3,2,2.83,2.6,2.64,2.67,2.8,2.7,3.05,0,0,0,0,0,0,5,10,165,165,5,1,720,跑步
1092,19,2020,工,1,2,3,3,2,2.83,2.7,2.45,2.89,2.9,2.6,3.05,0,0,0,3,30,360,7,60,1386,1746,10,2,300,走
1098,19,2020级,管理,1,2,3,3,2,2.83,2.7,2.55,3.11,2.5,2.5,2.98,2,40,640,4,30,480,7,40,924,2044,13,2,480,慢跑
1100,19,2020,工,1,2,3,3,1,1.92,2.3,2,1.89,2.4,1.9,2.29,3,10,240,1,15,60,7,30,693,993,11,2,480,跑步
1104,19,2020,工,1,2,3,3,2,2.67,2.5,2.73,2.67,2.7,2.7,2.97,0,0,0,4,30,480,7,30,693,1173,11,2,240,走路
1110,19,2021,工,1,1,3,3,1,1.25,1.1,1.64,2,1.9,1.7,1.73,1,40,320,0,0,0,7,60,1386,1706,8,2,180,篮球，跑步
1115,19,2020,工,2,1,3,2,1,2.17,1.8,2.09,2.11,2,2.4,2.34,0,0,0,7,30,840,0,0,0,840,7,1,480,爬楼梯
1117,19,大一,文,2,2,2,2,1,1.75,1.8,1.82,1.89,2.1,1.8,2.06,4,30,960,5,30,600,7,30,693,2253,16,2,480,跑步
1123,19,2020,工,2,2,4,3,2,2.58,2.4,2.27,2.56,2.6,2.5,2.77,0,0,0,2,30,240,7,80,1848,2088,9,2,270,走路，整理房间
1125,19,2021级,文,1,2,3,3,2,2.67,2.5,2.73,2.67,2.7,2.7,2.94,0,0,0,5,60,1200,7,30,693,1893,12,2,480,爬楼梯
1131,19,2021级,理,1,2,4,3,1,2.58,2.5,2.64,2.33,2.6,2.6,2.82,0,0,0,0,0,0,7,30,693,693,7,2,180,羽毛球
1134,19,2020,工,1,2,3,3,2,1.83,1.8,1.82,1.78,1.8,1.8,2,0,0,0,5,40,800,7,120,2772,3572,12,3,180,羽毛球
1139,19,2020,理,1,2,3,1,1,1.67,1.7,1.91,1.67,2.2,2,1.95,3,30,720,3,30,360,7,30,693,1773,13,2,480,羽毛球
1144,19,大一,文,2,2,3,3,3,2.25,2.6,1.36,1.89,1.7,2,2.21,0,0,0,5,10,200,5,30,495,695,10,2,480,跳舞 走路
1153,19,2021,工,2,1,4,3,2,2.58,2.2,2.73,2.33,2.1,2.5,2.71,0,0,0,5,30,600,7,30,693,1293,12,2,480,走路
1163,19,21级,文,2,1,3,3,3,2.92,2.7,1.91,2.22,2.7,2.7,2.81,0,0,0,0,0,0,7,30,693,693,7,2,480,走路
1165,19,2021,工,1,1,3,2,1,1.08,1.1,0.91,1.56,1.5,1.5,1.39,2,30,480,2,60,480,4,60,792,1752,8,2,60,跑步
1170,19,大一,文,2,2,3,3,2,1.92,2,2,1.89,2,2,2.19,4,30,960,0,0,0,7,30,693,1653,11,2,420,徒步
1173,19,2020,理,1,1,4,4,2,2.83,2.7,2.73,2.67,2.9,2.7,3.08,2,30,480,0,0,0,7,30,693,1173,9,2,480,跑步
1175,19,2021级,文,2,1,3,3,2,2.75,2.3,2.45,2.89,2.6,2.6,2.87,0,0,0,0,0,0,7,30,693,693,7,2,480,爬楼
1176,19,2020,法,2,2,3,2,2,2.42,2.3,1.55,1.78,2,2,2.27,0,0,0,1,10,40,5,60,990,1030,6,2,600,无
1184,19,2020,理,1,1,3,2,2,1.83,1.8,2.09,2,1.9,2,2.16,0,0,0,4,30,480,7,30,693,1173,11,2,480,跑步
1189,19,2020,工,1,2,3,3,2,2.17,1.9,3,2.67,2.8,2.7,2.79,0,0,0,4,30,480,7,180,4158,4638,11,3,480,羽毛球
1191,19,2021,理,2,1,3,2,2,2.67,2.1,2.18,2.33,2.4,2.1,2.58,2,40,640,5,30,600,7,120,2772,4012,14,3,240,步行，网球，慢跑
1194,19,2020,理,1,2,3,2,2,2,2.1,2.09,2.33,2.5,2.8,2.58,2,40,640,0,0,0,7,80,1848,2488,9,2,450,跑步
1206,19,2021,工,1,2,3,3,2,2.5,2.4,2.55,2.56,2.5,2.6,2.79,2,30,480,5,30,600,0,0,0,1080,7,2,480,跑步
1209,19,2021级,工,1,2,3,3,1,2.42,2,1.82,2.11,2.6,2.3,2.47,4,60,1920,6,20,480,6,45,891,3291,16,3,480,羽毛球
1219,19,大一,工,1,1,3,3,2,1.83,1.8,1.82,1.78,1.8,1.8,2.02,7,30,1680,7,30,840,7,60,1386,3906,21,3,420,网球
1221,19,2021级,理,1,2,3,3,1,2.75,2.5,2.45,2.33,2.9,2.5,2.87,3,30,720,0,0,0,7,30,693,1413,10,2,480,跑步，打羽毛球
1227,19,2021,理,1,2,4,3,2,3,2.7,2.73,2.44,3,2.8,3.11,5,30,1200,0,0,0,5,30,495,1695,10,2,300,跑步
1231,19,2020,理,1,2,4,3,2,2.42,2.2,2.55,2.44,2.2,2.5,2.66,0,0,0,0,0,0,7,30,693,693,7,2,480,步行
1242,19,大一,工,1,2,3,3,2,2.75,2.7,2.73,2.67,2.7,2.7,3,7,30,1680,7,30,840,7,120,2772,5292,21,3,480,跑步
1243,19,2020,工,2,1,3,3,2,2,2.3,1.91,2.22,2.6,1.9,2.4,0,0,0,7,30,840,7,30,693,1533,14,2,480,马甲线
1247,19,大二,工,1,2,3,3,2,2.92,2.7,2.82,2.56,2.8,2.6,3.03,0,0,0,0,0,0,3,20,198,198,3,1,480,散步
1254,19,2019,工,2,2,3,3,1,1.58,1.6,2.09,1.89,1.9,1.7,2.05,0,0,0,3,30,360,5,30,495,855,8,2,480,跑步 网球
1259,19,2021,工,1,1,3,3,2,1.67,1.5,1.91,2.11,1.9,1.8,2.02,2,40,640,2,30,240,7,30,693,1573,11,2,480,跑步
1267,19,2021,工,1,2,3,3,2,2.5,2.8,2.55,2.56,2.4,2.5,2.84,2,30,480,0,0,0,7,30,693,1173,9,2,480,走路
1275,19,2021,管理,1,2,3,3,1,2.67,2,2.91,2.56,3.2,2.7,2.95,0,0,0,7,30,840,7,30,693,1533,14,2,480,羽毛球
1280,19,2021级,理,1,2,2,2,1,1.58,1.7,2,1.78,1.8,1.8,1.97,1,30,240,1,30,120,4,30,396,756,6,2,480,跑步
1287,19,2020,工,1,2,2,2,2,1.83,1.8,2,1.89,1.9,1.8,2.06,0,0,0,5,30,600,7,60,1386,1986,12,2,480,跑步
1288,19,2020,工,1,2,3,3,2,2.08,1.8,1.82,1.89,1.8,1.8,2.08,4,30,960,1,30,120,7,30,693,1773,12,2,480,跑步
1289,19,2020,工,1,2,3,3,1,1.83,1.8,1.82,1.78,1.8,1.8,2,2,30,480,0,0,0,0,0,0,480,2,1,480,羽毛球
7,20,2020,工,2,2,3,3,2,2.75,2.2,2.27,2,2.4,1.9,2.53,1,40,320,3,30,360,7,30,693,1373,11,2,480,跑步
9,20,大二,工,2,2,2,2,3,1,1.5,1.45,2.11,1.2,1.6,1.63,0,0,0,7,20,560,7,50,1155,1715,14,2,300,跑步，骑车，爬楼梯
58,20,19,工,2,2,1,3,2,1.83,2.3,2.36,2,2.3,1.8,2.29,0,0,0,1,30,120,6,30,594,714,7,2,900,爬楼梯
115,20,2020,工,1,2,3,3,2,2,1.8,2.09,1.78,2.1,1.8,2.21,3,30,720,3,30,360,7,20,462,1542,13,2,400,跑步
125,20,大一,工,1,2,3,3,1,1.42,2.2,2.27,2.56,3.1,1.8,2.45,7,90,5040,7,60,1680,7,30,693,7413,21,3,300,篮球
176,20,大三,工,1,2,3,2,2,1.83,1.9,1.91,1.67,2.3,1.9,2.15,0,0,0,0,0,0,7,15,347,346.5,7,1,480,走路
205,20,2020,工,1,2,3,3,2,2.33,2.4,1.73,2.33,2.4,2,2.44,1,40,320,0,0,0,0,0,0,320,1,1,480,跑步
223,20,2019级,工,2,2,2,2,2,2.33,2,1.73,1.33,2.4,2.3,2.27,0,0,0,0,0,0,7,30,693,693,7,2,480,跑散步
224,20,大一,工,2,1,4,3,2,1.75,1.4,2.09,2.22,1.3,1.8,1.98,2,20,320,0,0,0,7,40,924,1244,9,2,200,跑步
236,20,大一,工,1,1,4,3,3,2.08,1.8,1.82,1.78,1.8,1.8,2.05,2,80,1280,2,30,240,0,0,0,1520,4,2,480,跑步
245,20,2020,工,1,2,3,2,1,2.17,2,1.82,2.44,2.2,1.8,2.29,5,30,1200,5,30,600,7,30,693,2493,17,2,480,篮球，跑步
249,20,2019级,工,1,1,3,3,1,1.67,2.3,1.73,1.78,2.2,2.2,2.21,3,40,960,4,60,960,7,180,4158,6078,14,3,240,跑步，俯卧撑
277,20,2020,工,1,2,3,2,2,0.92,0.9,0.91,0.89,1.4,0.9,1.15,3,30,720,5,30,600,7,30,693,2013,15,2,480,跳绳
278,20,2020,工,1,2,2,3,2,1.75,1.8,1.64,1.67,2.1,1.8,1.98,1,15,120,7,10,280,7,30,693,1093,15,2,420,吃饭睡觉打游戏
281,20,20,工,1,1,2,4,3,1.92,2.4,1.45,3.11,2.9,1.1,2.4,1,40,320,5,0,0,7,20,462,782,13,2,480,打游戏
299,20,大一,理,1,2,4,3,2,2.33,2.2,2,2.44,2.4,2,2.45,3,20,480,3,20,240,7,20,462,1182,13,2,360,跑步健身
306,20,20,工,2,2,3,3,2,1.92,2.3,1.73,2,2.2,2,2.29,2,20,320,5,60,1200,7,60,1386,2906,14,2,480,跑步，羽毛球
314,20,2020,管理,2,2,2,2,2,1.67,1.6,1.82,1.22,1.8,1.5,1.84,0,0,0,0,0,0,7,45,1040,1039.5,7,2,500,走路
353,20,2020级,工,2,2,3,3,2,1.75,1.8,1.82,2,1.9,1.7,2,0,0,0,7,30,840,7,30,693,1533,14,2,540,跳绳，走路
356,20,大三,管理,1,1,3,4,3,3.67,2.9,3.27,2.67,2.5,3.3,3.42,0,0,0,0,0,0,1,60,198,198,1,1,480,散步
357,20,2020,工,1,1,3,3,2,2.58,2,2,2.22,2,2.1,2.4,1,30,240,3,30,360,7,60,1386,1986,11,2,300,跑步
415,20,20,工,1,2,2,3,2,2,2.2,2,2.89,3.9,1.4,2.63,3,25,600,7,30,840,7,30,693,2133,17,2,360,跑步
445,20,20,工,2,1,3,3,3,1.33,1.1,1.55,1.89,1.5,1.1,1.56,0,0,0,5,30,600,7,60,1386,1986,12,2,360,跑步
454,20,大二,管理,1,2,3,3,2,2.83,2.3,1.91,2.11,2.4,1.9,2.52,1,40,320,1,30,120,5,30,495,935,7,2,480,打球
479,20,大二,工,1,2,2,3,2,2.75,2.7,2.73,2.67,2.7,2.7,3,0,0,0,2,30,240,6,30,594,834,8,2,360,去教室上课
548,20,20,管理,1,2,3,2,1,1.92,1.7,1.82,1.78,1.8,1.8,2.02,3,30,720,1,30,120,7,90,2079,2919,11,2,480,篮球
556,20,2020级,工,1,1,4,3,1,2.33,1.7,1.55,2.11,2.6,1.8,2.18,1,90,720,0,0,0,6,50,990,1710,7,2,480,散步 打球
562,20,2021,文,1,2,3,3,1,1.42,1.6,1.18,1.67,2.4,1.6,1.79,1,180,1440,5,180,3600,7,30,693,5733,13,3,720,羽毛球
637,20,大二,工,1,2,3,3,2,1.83,1.8,1.82,1.78,1.8,1.8,2.03,0,0,0,7,30,840,7,30,693,1533,14,2,480,篮球
638,20,2020,工,1,2,3,3,2,2.58,2.7,2.64,2.44,2.6,2.2,2.87,0,0,0,0,0,0,5,30,495,495,5,1,480,无
640,20,2020,工,1,2,2,3,1,1.67,1.7,1.55,1.44,1.7,1.7,1.81,4,30,960,4,60,960,7,30,693,2613,15,2,240,慢跑
652,20,2020,文,2,2,3,3,3,2.67,2.4,2.18,2.33,2.5,2.3,2.66,2,40,640,5,30,600,0,0,0,1240,7,2,600,跑步
692,20,大三,文,2,2,3,3,1,2.58,2.1,2.09,2.56,2.5,2.2,2.6,3,30,720,3,30,360,7,50,1155,2235,13,2,480,跑步，走路
726,20,2021,文,1,2,3,3,1,1.75,1.7,1.64,1.78,1.7,1.7,1.92,3,90,2160,7,30,840,7,30,693,3693,17,3,240,篮球、乒乓球、跑步
751,20,2020级,文,1,2,3,2,1,2.08,1.8,1.36,1.78,1.8,1.7,1.9,3,60,1440,7,30,840,6,30,594,2874,16,2,240,篮球，跑步
770,20,大一,教育,1,2,3,3,1,2,2.2,1.82,2,1.7,1.8,2.19,2,60,960,1,40,160,7,60,1386,2506,10,2,600,篮球
776,20,大一,文,1,1,3,3,2,2,1.5,1.64,1.78,2.4,1.8,2.06,2,40,640,7,30,840,7,30,693,2173,16,2,480,散步
779,20,大二,文,1,1,3,3,1,3.17,2.5,3,3,2.6,2.9,3.21,0,0,0,3,30,360,7,60,1386,1746,10,2,480,篮球
784,20,2021,管理,1,2,4,1,1,0.92,0.9,0.91,0.89,0.9,0.9,1,4,90,2880,4,90,1440,7,30,693,5013,15,3,480,篮球
795,20,2020级,文,1,2,2,2,2,3.33,2.2,2.09,2.56,2.4,2.9,2.85,1,40,320,5,30,600,7,20,462,1382,13,2,480,篮球
796,20,大二,文,1,1,3,3,1,2.33,2.5,1.82,2.22,3.1,1.9,2.55,0,0,0,1,30,120,0,0,0,120,1,1,200,篮球，跑步
805,20,2021,文,1,1,3,3,1,2.75,2.7,2.73,2.67,2.7,2.7,3.02,0,0,0,2,40,320,6,10,198,518,8,1,360,篮球   跑步
808,20,2020级,文,1,2,3,3,2,2.75,2.4,2.18,1.56,2.5,2.9,2.65,0,0,0,3,60,720,7,30,693,1413,10,2,480,跑步
810,20,大二,文,1,1,4,4,1,2.58,2.1,2.27,2.56,2.5,2.7,2.68,4,40,1280,1,40,160,7,20,462,1902,12,2,360,篮球 跑步 羽毛球
820,20,2021,文,1,2,2,3,1,2.67,2.2,2.09,2.44,2.6,2.1,2.58,1,120,960,5,120,2400,7,60,1386,4746,13,3,120,篮球
834,20,2021,文,1,2,3,3,1,1.83,1.9,2.27,2,2.3,2,2.27,4,30,960,0,0,0,7,15,347,1306.5,11,2,480,跑步 篮球
847,20,大一,管理,1,2,2,2,1,2.33,2.2,1.73,1.78,2.6,1.4,2.18,1,70,560,5,60,1200,7,30,693,2453,13,2,480,篮球 跑步 健身
872,20,2021级,教育,1,1,4,3,1,0.92,0.9,0.91,0.89,0.9,0.9,1.08,3,60,1440,2,60,480,2,60,396,2316,7,2,60,篮球
873,20,2021级,文,1,2,3,3,1,2.25,2.1,1.82,2.11,2.6,1.8,2.35,2,30,480,0,0,0,7,30,693,1173,9,2,480,篮球
884,20,2019,工,1,1,3,3,2,2.75,2.5,2.55,2.56,2.5,2.4,2.81,0,0,0,7,20,560,7,60,1386,1946,14,2,480,跑步
889,20,2019,工,1,2,3,3,2,2.25,2.5,2.64,2.33,2.6,2.7,2.74,0,0,0,1,30,120,7,120,2772,2892,8,2,480,步行，网球
896,20,大二,工,1,2,3,4,2,2.75,2.5,2.55,2.67,2.7,2.7,2.95,0,0,0,2,30,240,0,0,0,240,2,1,480,跑步
899,20,2019213721,工,2,2,2,4,2,1.25,1.5,1.36,1.22,1.7,1.3,1.61,1,40,320,7,30,840,7,20,462,1622,15,2,600,爬楼
900,20,2019,工,2,1,3,2,2,1.92,1.6,2.45,1.89,2.2,2.1,2.23,2,20,320,1,20,80,7,20,462,862,10,2,260,有氧操
901,20,2019,工,1,1,4,3,2,2.42,2.4,2.55,2.78,2.7,2.5,2.84,0,0,0,0,0,0,7,30,693,693,7,2,480,跑步
906,20,2019,工,1,1,3,3,2,2.08,1.6,1.82,2,2.5,1.9,2.21,0,0,0,0,0,0,3,40,396,396,3,1,300,跑步
909,20,2019,工,1,1,4,3,2,1.83,1.9,2,1.78,1.8,1.8,2.11,0,0,0,5,30,600,7,40,924,1524,12,2,200,跑步
912,20,2019,工,2,2,2,2,1,1.17,1.5,1.27,1.33,1.5,1.1,1.5,4,60,1920,7,40,1120,7,30,693,3733,18,3,480,跑步、健身
917,20,2019,工,1,1,4,3,2,2.25,2.2,2.73,2.44,2.4,2.3,2.68,0,0,0,1,90,360,0,0,0,360,1,1,480,打球
922,20,2020,工,2,2,3,3,2,2.83,2.3,2.45,2.44,2.5,2.3,2.76,0,0,0,2,30,240,5,30,495,735,7,2,480,跑步
925,20,2019级,工,1,1,3,3,1,2.5,2.6,2.73,2.67,2.7,2.5,2.9,2,80,1280,2,20,160,7,30,693,2133,11,2,180,足球 跑步 篮球
926,20,2019,工,1,1,3,2,2,2.25,2.3,2.55,2.44,2.5,2.6,2.71,1,40,320,0,0,0,7,60,1386,1706,8,2,420,跑步
933,20,2019,工,1,1,3,3,1,1.75,1.6,1.91,1.78,2,1.8,2.02,3,180,4320,7,120,3360,7,60,1386,9066,17,3,360,跑步篮球
940,20,2019,工,1,2,3,3,1,1.83,1.9,2,2,2.1,1.8,2.16,1,40,320,1,30,120,7,30,693,1133,9,2,480,跑步
944,20,大三,工,1,1,3,2,2,2.17,2.3,2.55,2.11,2.2,2.2,2.52,0,0,0,5,30,600,3,30,297,897,8,2,480,跳绳
956,20,大三,工,1,1,4,3,1,1.92,2.2,1.73,2.78,2,2,2.35,0,0,0,0,0,0,7,30,693,693,7,2,480,羽毛球，网球
968,20,2021,理,2,1,3,3,2,1.75,1.6,2.91,1.78,2.2,1.6,2.27,0,0,0,0,0,0,7,120,2772,2772,7,2,720,步行
969,20,19,工,2,2,3,3,2,2.67,2.1,2.36,2.11,2.8,2.4,2.73,1,30,240,7,15,420,5,20,330,990,13,2,240,跑步，爬山
974,20,2019,理,1,2,3,3,2,1.5,1.5,1.27,1.56,2.1,2.3,1.87,0,0,0,0,0,0,3,30,297,297,3,1,240,跑步
978,20,2019,工,1,2,3,3,2,1.25,1.2,1.27,1.11,1,1.1,1.34,1,90,720,5,30,600,0,0,0,1320,6,2,480,撸铁
981,20,2019,工,1,2,3,3,2,2.25,1.8,1.45,1.56,1.6,2.1,2.05,2,40,640,7,20,560,7,30,693,1893,16,2,300,竞走
986,20,2019,工,1,1,3,3,2,1.92,1.6,2.09,1.78,2,1.7,2.08,0,0,0,0,0,0,5,30,495,495,5,1,480,跑步
987,20,大三,工,1,1,3,2,1,1.83,1.9,2,2,1.9,1.7,2.11,1,60,480,3,30,360,7,60,1386,2226,11,2,180,跑步，打羽毛球、乒乓球
994,20,19,工,1,2,3,3,2,1.58,1.8,1.55,1.33,1.6,1.4,1.79,2,60,960,1,60,240,0,0,0,1200,3,2,480,无
996,20,3,理,2,2,3,2,1,1.33,1.3,1.91,2,2.2,1.9,2,4,30,960,3,30,360,5,30,495,1815,12,2,480,跳操
1006,20,19,工,1,2,3,3,2,2.25,1.9,2.09,1.89,2.4,1.7,2.32,2,40,640,3,60,720,7,120,2772,4132,12,3,500,打球
1007,20,2020,管理,2,1,3,3,1,2.17,1.7,1.91,2,1.7,2,2.15,1,180,1440,7,60,1680,7,60,1386,4506,15,3,300,跳舞
1025,20,2019,工,1,2,3,3,1,1.58,1.6,1.55,2,1.8,2.1,2,0,0,0,3,20,240,7,120,2772,3012,10,3,300,举哑铃
1029,20,2019,工,1,2,3,3,1,2,1.8,2.27,2.56,2.1,2,2.31,3,15,360,5,30,600,7,40,924,1884,15,2,480,举铁 跑步 仰卧起坐
1032,20,2019,文,1,2,2,3,2,2.67,2.5,2.55,2.44,3,2.5,2.87,0,0,0,1,40,160,7,40,924,1084,8,2,480,步行
1035,20,大三,工,1,2,3,4,3,2.83,2.9,3,2.89,3.1,3.1,3.29,0,0,0,0,0,0,7,30,693,693,7,2,480,跑步
1047,20,2020,工,1,2,4,3,1,1.75,2.1,1.64,3.11,2.7,2.1,2.4,3,40,960,0,0,0,7,30,693,1653,10,2,480,俯卧撑
1049,20,2021,理,1,1,3,3,2,2.33,1.9,1.82,2,2.3,2.1,2.32,3,60,1440,0,0,0,7,60,1386,2826,10,2,480,网球，跑步
1059,20,2019,工,2,1,4,2,2,2.5,2.2,2.27,2.44,2.6,2.2,2.63,0,0,0,0,0,0,7,30,693,693,7,2,360,网球
1060,20,2019,工,1,2,3,1,1,0.92,0.9,0.91,1.11,0.9,1.1,1.06,2,40,640,2,60,480,7,30,693,1813,11,2,480,跑步
1061,20,大二,文,1,2,3,3,2,2.58,2.2,2.64,2.67,2.5,2.4,2.79,1,40,320,7,10,280,7,10,231,831,15,2,480,舞蹈
1064,20,大三,理,2,1,4,2,2,2.42,2.2,1.82,1.89,2.8,2.1,2.44,0,0,0,1,30,120,7,30,693,813,8,2,480,体育考试
1069,20,2020,工,2,1,3,3,2,2.08,2,1.82,1.78,1.8,1.8,2.13,7,30,1680,1,60,240,7,30,693,2613,15,2,480,快走
1070,20,2019级,工,2,1,4,1,1,1.75,1.8,2,2.22,1.6,1.9,2.11,2,30,480,1,30,120,2,30,198,798,5,2,480,跑步
1074,20,大二,工,1,2,3,3,2,2.5,3,2.45,2.44,2.8,2.7,2.92,2,30,480,5,60,1200,7,60,1386,3066,14,3,600,跑步
1081,20,大二,工,1,2,2,3,2,1.75,1.9,1.64,1.67,2,1.7,1.97,0,0,0,2,60,480,7,120,2772,3252,9,3,300,街舞
1082,20,19,工,1,2,3,2,2,1.92,1.3,1.64,1.44,1.5,1.2,1.73,0,0,0,7,30,840,7,20,462,1302,14,2,480,走路
1084,20,2019,工,1,2,3,3,2,2,2.2,1.91,2.33,2.7,2.3,2.52,0,0,0,2,30,240,4,15,198,438,6,1,300,打羽毛球
1087,20,2019,工,1,1,3,3,2,2.42,1.6,1.82,2,2.2,2,2.27,1,30,240,1,30,120,4,120,1584,1944,6,2,480,网球，羽毛球
1088,20,2020,工,1,2,3,3,1,2.5,2.4,2.64,2.67,2.7,2.7,2.87,1,60,480,1,60,240,7,30,693,1413,9,2,180,俯卧撑，卧推，高位下拉，坐姿划船，杠铃弯举，哑铃锤举，哑铃飞鸟，哑铃推肩，臂屈伸，10分钟2k有氧
1094,20,大三,工,1,1,3,3,2,1.92,1.7,1.82,1.78,1.8,1.8,2.05,0,0,0,0,0,0,7,30,693,693,7,2,480,步行
1101,20,19,工,1,1,3,3,2,2.75,2.5,2.73,2.67,2.7,2.7,3,0,0,0,0,0,0,7,30,693,693,7,2,480,无
1105,20,2019,理,2,1,3,3,2,2.17,2.4,2,2.44,2,1.3,2.24,5,30,1200,7,30,840,0,0,0,2040,12,2,120,跑步，羽毛球
1108,20,2020,工,1,1,4,2,1,2.25,1.7,2.09,1.78,2.1,2,2.18,3,40,960,1,60,240,7,60,1386,2586,11,2,480,排球训练
1109,20,2019,工,1,2,4,3,2,1.67,1.8,1.82,1.78,1.8,1.8,1.98,0,0,0,0,0,0,7,30,693,693,7,2,480,步行
1111,20,2020,工,1,1,2,2,2,2,1.9,1.45,2,1.9,2,2.06,0,0,0,2,30,240,7,40,924,1164,9,2,540,慢跑
1121,20,2019,工,1,1,3,3,2,3.25,3,3.18,3,3.3,3.4,3.53,0,0,0,1,30,120,5,50,825,945,6,2,300,跑步跳绳
1122,20,2020,工,2,2,3,3,2,2.25,2.5,2,2.67,2.5,2.3,2.61,0,0,0,5,30,600,7,30,693,1293,12,2,480,乒乓球
1130,20,2020,工,1,1,3,3,1,2.25,2.1,2.73,2.33,2.1,2.3,2.53,0,0,0,7,30,840,5,120,1980,2820,12,2,360,走路，爬楼
1154,20,2020,工,1,1,4,2,1,1.83,1.7,2,2.22,2.3,1.7,2.13,0,0,0,7,90,2520,7,90,2079,4599,14,3,420,乒乓球
1161,20,大二,工,1,2,3,3,2,2.75,2.8,2.82,2.67,2.9,2.7,3.1,3,30,720,3,30,360,7,60,1386,2466,13,2,480,跑步
1164,20,2020级,工,2,2,4,4,2,2.08,2.5,2.91,2.67,2.9,2.7,2.89,0,0,0,0,0,0,7,60,1386,1386,7,2,480,走路
1188,20,2,工,1,1,4,3,3,2.42,1.8,1.73,1.89,1.9,1.5,2.1,0,0,0,5,20,400,5,20,330,730,10,1,360,无
1192,20,2019,工,1,2,3,3,1,1.67,2.1,1.64,3.33,2.2,1.5,2.26,2,180,2880,3,30,360,7,40,924,4164,12,3,600,网球羽毛球
1195,20,20,文,2,1,3,3,2,2.58,2.5,2.45,2.67,2.6,2.6,2.82,0,0,0,5,30,600,7,30,693,1293,12,2,480,走路，爬楼
1198,20,2019,工,1,1,3,3,2,1.92,1.8,1.82,1.78,1.8,1.8,2.05,2,30,480,0,0,0,0,0,0,480,2,1,480,乒乓球
1210,20,2019,工,1,2,3,3,2,2.75,2.7,2.36,2.78,2.8,2.3,2.94,0,0,0,0,0,0,4,30,396,396,4,1,480,无
1214,20,2020,工,2,2,2,3,2,1.83,2.8,1.73,2.78,1.6,2.2,2.37,0,0,0,5,30,600,7,30,693,1293,12,2,480,排球
1223,20,2019,理,1,2,3,3,1,2.58,2.5,2.64,2.78,2.9,2.6,2.9,4,30,960,4,30,480,7,60,1386,2826,15,2,480,拉单杠，跑步，骑车
1228,20,2020,经济,1,2,3,3,2,2.75,2.2,2.73,2.67,2.8,2.7,2.9,0,0,0,5,30,600,6,30,594,1194,11,2,480,跑步
1235,20,2020,工,2,2,3,3,1,2.33,2,2.27,2.56,2.8,2.2,2.65,0,0,0,0,0,0,7,30,693,693,7,2,480,跑步
1245,20,2020,工,1,1,3,3,2,2,1.8,2.27,2.22,2.8,2.3,2.5,0,0,0,3,30,360,7,30,693,1053,10,2,480,步行
1270,20,2020,工,1,2,3,3,1,1.83,1.8,1.82,1.89,1.9,1.8,2.08,3,20,480,7,30,840,7,60,1386,2706,17,2,480,羽毛球
1279,20,19,工,1,2,3,3,1,1.83,1.8,1.82,1.78,2,1.8,2.06,2,40,640,7,10,280,0,0,0,920,9,2,480,篮球
1290,20,19,理,1,1,3,3,2,2.5,2.3,2.64,2.56,2.6,2.5,2.79,0,0,0,5,30,600,2,15,99,699,7,2,480,羽毛球
134,21,大二,工,2,1,3,3,2,1.83,2,1.82,2.11,2.2,2,2.24,0,0,0,0,0,0,4,30,396,396,4,1,480,骑车，网球
136,21,大三,工,2,2,3,4,1,2.33,2.6,1.73,2,2,2.3,2.42,0,0,0,7,45,1260,3,30,297,1557,10,2,420,慢跑
137,21,2019级,工,1,2,3,3,2,2.42,2.1,2.45,2.22,2.5,2.6,2.68,1,40,320,0,0,0,7,40,924,1244,8,2,600,网球，乒乓球
187,21,2019,工,1,2,4,2,1,1.92,2,1.91,2.11,2.2,1.8,2.26,4,40,1280,2,20,160,7,60,1386,2826,13,2,480,长跑
203,21,大三,工,1,2,3,3,2,2.17,2.3,2.09,2.44,2.2,2.3,2.48,2,90,1440,3,90,1080,7,40,924,3444,12,3,360,羽毛球
273,21,大三,文,2,2,1,1,3,2,1.6,1.64,2.11,2,2.2,2.15,0,0,0,1,20,80,7,20,462,542,8,1,480,跑步
307,21,大三,工,2,2,3,3,1,1.75,2.4,2.18,2.89,2.7,1.9,2.53,3,40,960,5,40,800,0,0,0,1760,8,2,480,减肥健身
310,21,2018级本科生,工,1,1,4,1,1,1.42,1.8,1.64,2,2,2.2,2.06,2,40,640,5,30,600,7,30,693,1933,14,2,600,羽毛球，乒乓球，健身房锻炼
311,21,2020,工,2,1,3,2,2,1.75,1.7,2,1.78,1.8,1.7,2.03,0,0,0,0,0,0,7,30,693,693,7,2,480,健美操
333,21,2019级,工,2,1,4,1,1,1.75,1.8,1.45,2.22,2.6,1.9,2.16,0,0,0,5,40,800,7,60,1386,2186,12,2,480,羽毛球，跑步，走路
336,21,研一,管理,1,2,3,3,2,2.42,2.4,2.09,2.33,2.1,2.1,2.47,3,25,600,3,30,360,7,50,1155,2115,13,2,300,跑步
338,21,研一,管理,1,2,3,3,1,1.58,1.1,1.27,1.22,1.3,0.9,1.39,1,60,480,0,0,0,7,20,462,942,8,2,480,篮球 羽毛球
343,21,2021级,管理,2,2,3,3,2,3,2.4,2.45,2.11,3,2.9,2.94,0,0,0,3,30,360,5,40,660,1020,8,2,480,健身操
383,21,研一,管理,1,1,3,3,2,1.92,2.1,2,2.11,1.8,1.8,2.19,0,0,0,2,60,480,4,30,396,876,6,2,300,羽毛球
384,21,研一,管理,2,2,4,3,2,1.75,1.5,2.18,1.44,2,1.5,1.98,0,0,0,4,15,240,7,30,693,933,11,2,600,爬楼
407,21,研一,管理,2,2,3,3,2,2.08,1.8,1.82,1.78,2.3,1.9,2.23,0,0,0,7,60,1680,7,30,693,2373,14,2,420,步行
423,21,2021级,管理,2,1,3,2,1,2.17,1.8,1.64,1.67,2,1.6,2.06,4,30,960,0,0,0,0,0,0,960,4,2,480,健身房
498,21,2019,文,1,2,4,3,2,1.67,2.9,2.27,2.56,2.2,1.6,2.4,0,0,0,5,60,1200,7,30,693,1893,12,2,300,羽毛球
535,21,2018,工,2,2,3,2,1,2.33,1.8,2.45,2.22,2.5,2.2,2.5,5,30,1200,7,60,1680,7,50,1155,4035,19,3,150,HIT 跳舞 一些基础的力量训练
537,21,2018,工,1,2,3,3,2,1.92,2.2,2,2.11,1.8,1.4,2.08,0,0,0,0,0,0,7,20,462,462,7,1,480,走路
560,21,2018级,管理,2,1,3,4,2,2.58,2.4,1.73,1.89,1.7,1.3,2.19,0,0,0,7,20,560,4,30,396,956,11,2,480,散步
611,21,21,管理,2,2,3,3,2,2.08,2.5,1.73,2.11,2.5,2.2,2.45,2,15,240,5,30,600,7,30,693,1533,14,2,240,健身
648,21,研一,管理,2,1,3,3,2,2.17,2.5,2.73,2,2.6,3.1,2.74,0,0,0,0,0,0,5,60,990,990,5,2,480,walk
686,21,研一,管理,2,2,3,3,2,2.08,2,2.64,2.11,2.1,2.4,2.53,1,30,240,6,30,720,7,40,924,1884,14,2,420,跑步
772,21,大二,文,1,1,3,3,2,2.67,2.2,2.36,2.56,2.5,2.3,2.77,2,50,800,0,0,0,5,40,660,1460,7,2,200,跑步
791,21,大一,管理,1,1,4,3,2,1.92,1.7,2,2.67,2.9,2.9,2.45,2,40,640,2,60,480,5,30,495,1615,9,2,300,跑步
836,21,2020,管理,1,2,4,3,1,1,1,1,0.89,0.9,0.9,1.15,3,90,2160,1,90,360,7,60,1386,3906,11,3,300,篮球
892,21,2019,工,1,2,3,3,2,2.17,2.6,2.91,2.67,1.9,2.4,2.71,0,0,0,1,30,120,7,30,693,813,8,2,480,走路
897,21,2019,工,1,2,2,3,1,1.83,1.8,2.18,1.67,2.3,2.1,2.16,2,60,960,5,20,400,0,0,0,1360,7,2,480,网球
931,21,2019,工,1,1,3,3,2,2.08,2,2,2.33,2.2,2.5,2.39,0,0,0,3,30,360,4,30,396,756,7,2,300,跑步，跳绳
958,21,2019,工,1,1,2,2,1,1.08,1,1.18,1,1.1,1,1.21,3,30,720,7,10,280,7,30,693,1693,17,2,600,跑步
973,21,2019212089,工,1,1,3,3,2,2.08,1.5,1.45,1.56,1.5,1.4,1.81,3,40,960,1,20,80,7,30,693,1733,11,2,480,网球 跑步
982,21,19,工,1,1,3,3,2,2.75,2.7,2.73,2.67,2.7,2.7,3,0,0,0,2,30,240,7,60,1386,1626,9,2,480,篮球
998,21,2019级,理,1,2,4,3,1,2,2.1,2.55,2.56,2.3,2.3,2.56,3,90,2160,6,30,720,4,30,396,3276,13,3,480,跑步，引体向上
1000,21,2019,工,1,2,3,3,1,1.83,2,2,1.78,1.8,1.8,2.08,0,0,0,7,20,560,7,20,462,1022,14,1,300,爬楼梯
1002,21,2019,工,2,1,3,3,2,1.42,1.6,0.91,1,1.3,1.1,1.34,0,0,0,5,30,600,5,30,495,1095,10,2,420,跑步
1005,21,大三,工,1,2,3,4,2,3.42,3.5,3.09,3.56,3.6,3.6,3.87,0,0,0,0,0,0,7,30,693,693,7,2,720,无
1021,21,2019,工,1,2,3,3,2,2,2,2.09,1.89,2,2,2.23,1,90,720,1,60,240,5,30,495,1455,7,2,480,跑步
1038,21,2020,工,1,2,4,4,2,2.33,1.7,1.82,2.11,2.1,2.1,2.32,3,20,480,5,60,1200,6,30,594,2274,14,2,540,跑步乒乓球
1043,21,2019,工,1,1,3,3,1,1.75,1.7,1.82,1.78,1.8,1.8,1.98,0,0,0,3,30,360,7,50,1155,1515,10,2,300,健身 打球
1046,21,2019,工,2,1,3,3,2,2.83,2.3,2.36,2.44,2.4,2.6,2.82,1,15,120,3,20,240,4,25,330,690,8,1,720,走路
1048,21,3,工,1,2,4,4,1,1.17,1.1,1.91,1.33,1.7,2.2,1.81,0,0,0,7,30,840,7,30,693,1533,14,2,300,网球
1053,21,2019,工,1,2,2,2,2,1.75,1.8,1.82,1.89,1.9,1.9,2.02,0,0,0,0,0,0,7,60,1386,1386,7,2,480,乒乓球
1065,21,2020,工,1,2,4,4,1,1.83,1,2.09,1.67,1.7,1.1,1.79,0,0,0,0,0,0,7,30,693,693,7,2,360,篮球
1095,21,2018级,工,1,1,3,4,2,3.17,2.8,2.27,3.11,2.7,2.8,3.11,0,0,0,5,30,600,7,30,693,1293,12,2,180,跑步
1112,21,202,工,1,1,3,3,1,1.58,1.6,1.82,1.67,1.4,1.3,1.77,3,20,480,7,30,840,7,20,462,1782,17,2,300,羽毛球
1128,21,2019,工,1,2,3,2,1,0.92,0.9,0.91,0.89,0.9,0.9,1.02,4,60,1920,2,60,480,0,0,0,2400,6,3,480,跑步羽毛球乒乓球
1158,21,2019,工,2,1,3,4,2,2.08,2,1.91,2,2.4,1.9,2.27,2,40,640,2,30,240,7,30,693,1573,11,2,480,跳绳，跑步
1225,21,2019,工,1,2,3,3,1,1.83,2.1,1.82,1.78,1.9,1.8,2.1,4,30,960,0,0,0,0,0,0,960,4,2,480,健身
1226,21,2021,理,1,2,3,3,2,1.67,2.1,1.73,2.22,1.8,1.8,2.16,3,30,720,7,30,840,7,20,462,2022,17,2,420,跑步
1230,21,三,工,1,2,3,3,2,2.75,2.7,2.73,2.67,2.7,2.7,3,0,0,0,7,30,840,7,30,693,1533,14,2,480,网球
1237,21,2019,工,1,2,3,3,1,2.5,2.4,2.64,2.33,1.9,2.1,2.61,0,0,0,5,30,600,7,30,693,1293,12,2,480,跑步，引体向上
1253,21,2019,理,1,2,1,1,1,1.92,1.4,1.73,1.89,2.5,1.6,2.06,0,0,0,0,0,0,7,30,693,693,7,2,480,走路
1255,21,21级,管理,2,2,3,3,2,1.75,1.6,1.82,1.78,2,1.6,1.95,0,0,0,0,0,0,7,30,693,693,7,2,480,散步
1258,21,研一,管理,2,2,2,2,2,1.83,1.8,1.82,1.78,1.8,1.8,2.03,3,30,720,5,30,600,7,30,693,2013,15,2,480,走路
304,22,2021级,管理,2,1,3,2,2,2.75,2.4,2.45,2.11,2.3,2.6,2.77,0,0,0,0,0,0,6,30,594,594,6,1,480,跑步
321,22,研一,管理,2,2,3,3,2,2.25,1.6,1.73,1.44,2,1.8,2.05,0,0,0,3,15,180,7,30,693,873,10,2,480,跑步，打羽毛球
331,22,21级,管理,2,2,3,2,3,2.08,1.8,1.82,1.89,2.5,2.1,2.23,0,0,0,0,0,0,7,60,1386,1386,7,2,180,瑜伽
335,22,研一,管理,2,2,3,2,3,2.08,1.8,1.27,1.67,1.8,2.1,2.02,0,0,0,5,30,600,7,30,693,1293,12,2,500,走路
337,22,研一,管理,2,1,4,2,1,1.75,1.7,1.55,1.78,1.9,1.2,1.85,3,30,720,7,50,1400,7,45,1040,3159.5,17,3,480,快走、跑步、瑜伽
344,22,2021,管理,2,1,3,3,1,2.75,2.6,2.73,2.67,2.7,2.7,2.98,2,30,480,0,0,0,7,30,693,1173,9,2,480,跑步
345,22,2021,管理,2,2,2,2,2,2,2.3,2.36,1.78,2.5,2.3,2.42,0,0,0,7,30,840,5,30,495,1335,12,2,480,跑步
363,22,2021,管理,2,2,2,3,2,2.5,2.5,2.09,2.33,2.7,2.4,2.65,0,0,0,0,0,0,7,60,1386,1386,7,2,480,瑜伽
365,22,2021,管理,2,2,3,2,1,2,2.7,2.45,2.56,2.4,2.7,2.77,0,0,0,2,30,240,3,40,396,636,5,2,300,羽毛球、篮球
368,22,2021级,管理,2,2,3,3,1,2.5,2.5,1.91,1.89,2.3,2,2.39,2,40,640,3,50,600,7,60,1386,2626,12,2,300,跳绳
369,22,2021,管理,2,2,3,3,1,2,1.9,1.91,1.89,2,2,2.16,3,15,360,5,15,300,7,120,2772,3432,15,3,500,跑步，跳绳
377,22,2021级,管理,2,2,4,2,1,2.25,1.8,1.73,1.67,1.9,1.7,2.06,3,20,480,7,20,560,7,40,924,1964,17,2,420,打羽毛球
381,22,2021,管理,1,1,3,2,2,1.92,1.9,1.82,1.89,2.2,1.7,2.11,2,30,480,5,30,600,7,50,1155,2235,14,2,420,跑步
386,22,研一,管理,2,2,3,3,2,2.58,2.2,1.91,2.22,2.3,2.5,2.6,0,0,0,0,0,0,5,30,495,495,5,1,600,羽毛球
392,22,研一,管理,2,2,2,2,2,1.58,1.6,1.45,1.22,1.8,1.7,1.74,0,0,0,3,30,360,6,30,594,954,9,2,480,跳舞
397,22,研一,管理,2,2,3,2,2,1.83,1.8,2.45,1.78,2.2,2.6,2.35,0,0,0,3,15,180,7,120,2772,2952,10,2,200,散步
399,22,2021级,管理,2,2,3,2,2,2.33,2,2.18,2.11,2.3,2.2,2.44,0,0,0,3,30,360,7,30,693,1053,10,2,360,跑步
400,22,研一,管理,2,2,3,3,1,3.33,1.9,2.18,1.78,2.6,1.9,2.53,2,30,480,3,30,360,7,60,1386,2226,12,2,720,跑步
401,22,2021,管理,2,2,3,3,2,2.25,2.3,1.82,1.78,2.5,1.8,2.37,0,0,0,5,30,600,6,20,396,996,11,2,300,跑步
408,22,21,管理,2,2,4,3,1,1.25,1.4,1,0.89,1.2,1.2,1.42,0,0,0,7,30,840,7,30,693,1533,14,2,480,慢跑
409,22,研一,管理,2,2,2,3,2,1.83,1.8,1.73,1.78,1.9,1.8,2,0,0,0,0,0,0,7,60,1386,1386,7,2,360,爬楼
410,22,研一,管理,1,2,3,3,1,1.92,1.7,2,1.89,1.9,1.8,2.11,0,0,0,2,10,80,7,40,924,1004,9,2,480,篮球
411,22,2021,管理,2,2,2,2,1,1.58,1.5,1.45,1.89,2.4,1.6,1.92,2,60,960,7,10,280,7,35,809,2048.5,16,2,360,瑜伽垫的有氧，hiit，跳绳
416,22,21级,管理,1,2,3,3,1,3.25,3,2.73,3.11,3.9,2.2,3.35,1,180,1600,1,10,40,5,180,2970,4450,7,3,540,排球
421,22,研二,管理,1,2,3,3,2,2.67,2.7,2.73,2.89,2.7,2.6,3.02,0,0,0,0,0,0,7,30,693,693,7,2,480,羽毛球
430,22,研一,管理,2,2,2,2,2,1.25,1.4,1.27,1.11,1.7,1.2,1.48,0,0,0,0,0,0,7,60,1386,1386,7,2,480,跑步
434,22,2021,管理,1,2,2,2,1,1.75,1.8,1.82,1.67,1.9,1.8,1.98,2,30,480,5,30,600,7,30,693,1773,14,2,480,羽毛球
436,22,2021级,管理,2,1,3,2,2,1.75,1.5,1.27,1.44,1.6,1.3,1.66,0,0,0,3,30,360,7,100,2310,2670,10,2,480,走路
437,22,研一,管理,1,2,3,3,2,2.5,2.2,2.18,2.22,2.4,2.1,2.5,0,0,0,0,0,0,7,60,1386,1386,7,2,480,羽毛球
441,22,2021级,管理,2,2,3,3,2,2,1.8,1.73,1.78,1.9,1.8,2.06,0,0,0,6,30,720,7,30,693,1413,13,2,480,跑步跳绳羽毛球
442,22,研一,管理,2,2,3,3,1,1.42,1.3,1.45,1.78,1.2,1.4,1.63,0,0,0,1,30,120,7,30,693,813,8,2,480,跑步
443,22,研一,管理,1,1,3,4,3,2.75,2.5,2.73,2.67,2.7,2.7,2.97,0,0,0,0,0,0,7,120,2772,2772,7,2,600,步行
447,22,2021,管理,1,2,3,3,2,1.92,1.8,1.82,1.78,1.8,1.8,2.03,0,0,0,0,0,0,7,20,462,462,7,1,480,打球
448,22,2021级,管理,1,2,3,2,1,1.17,1.2,1.45,1.11,1.8,1.4,1.52,2,15,240,7,15,420,7,20,462,1122,16,1,480,跑步
453,22,2021,管理,1,2,3,2,2,2,1.7,1.82,1.78,1.8,1.7,2.02,0,0,0,0,0,0,7,30,693,693,7,2,480,走路
455,22,2021,管理,2,2,3,3,2,2.25,2.3,2.27,2.67,2.4,2.2,2.6,3,60,1440,7,15,420,7,60,1386,3246,17,3,240,跑步
456,22,研一,管理,2,1,3,2,2,2.08,2.2,2.09,2.56,2.3,2.3,2.5,0,0,0,0,0,0,7,30,693,693,7,2,360,步行
464,22,研究生二年级,工,2,2,2,2,2,2.5,1.6,1.91,2,1.8,2.3,2.31,0,0,0,3,30,360,7,120,2772,3132,10,3,480,走路 跑步
468,22,2020,管理,2,1,3,3,2,2.83,1.9,1.91,2.33,2.6,2.6,2.6,0,0,0,3,15,180,5,30,495,675,8,2,200,羽毛球
471,22,研一,管理,1,1,3,3,1,2.25,1.7,1.91,2.44,2,2.3,2.34,2,60,960,7,15,420,7,15,347,1726.5,16,2,240,锻炼身体
504,22,研一,管理,2,2,3,3,2,1.75,1.9,1.91,1.78,1.9,1.6,2.03,0,0,0,0,0,0,7,60,1386,1386,7,2,480,散步
505,22,2020,工,1,1,4,3,1,2.08,1.6,2,2,2.2,1.9,2.18,3,120,2880,3,40,480,7,40,924,4284,13,3,420,羽毛球
508,22,21,管理,2,2,3,3,3,2.67,2.1,2.18,1.78,2.5,2.8,2.58,0,0,0,6,20,480,4,40,528,1008,10,2,480,散步
510,22,2021,管理,2,2,3,3,2,1.17,1.1,1,1.33,1.6,1.2,1.37,0,0,0,1,30,120,0,0,0,120,1,1,480,无
538,22,2020,管理,2,1,3,3,1,1.75,1.9,1.73,2.22,2.2,1.8,2.19,4,30,960,7,30,840,7,90,2079,3879,18,3,720,帕梅拉 散步
547,22,2017,管理,2,2,3,2,2,1.92,1.9,1.82,1.78,2.1,1.8,2.1,2,15,240,7,20,560,7,40,924,1724,16,2,540,跑步
558,22,2021,管理,2,2,3,3,2,2.08,2.6,1.55,2.33,2.1,2.3,2.4,3,30,720,7,30,840,7,30,693,2253,17,2,480,瑜伽
561,22,硕士一年级,管理,1,1,4,2,2,2,2.2,2.27,2,2.1,1.9,2.39,0,0,0,7,30,840,7,30,693,1533,14,2,480,爬楼
566,22,研一,管理,2,2,3,3,1,2.25,2.2,1.91,2.33,2.2,2.1,2.42,0,0,0,0,0,0,7,40,924,924,7,2,480,散步
567,22,2021级,管理,2,2,3,3,2,2.08,1.9,1.64,2,1.7,1.8,2.06,0,0,0,7,30,840,7,20,462,1302,14,2,120,走路
570,22,21,工,1,2,3,3,1,1.5,1.5,2,1.89,2.3,1.9,2.02,2,40,640,1,20,80,7,60,1386,2106,10,2,300,跑步或器械运动
577,22,研一,管理,2,1,4,2,1,2.17,2.1,2.36,1.78,2.2,2,2.35,3,30,720,7,30,840,7,30,693,2253,17,2,480,跑步，打乒乓球。
581,22,研一,管理,1,2,2,3,1,1,0.9,1.09,0.89,0.9,0.9,1.13,3,30,720,0,0,0,7,30,693,1413,10,2,480,篮球
583,22,2020级,工,2,1,4,3,2,2.58,1.6,2.27,1.22,1.6,2.2,2.16,0,0,0,5,30,600,7,30,693,1293,12,2,480,跑步
594,22,研一,管理,1,2,3,3,1,0.92,1,1.09,0.89,1.3,1,1.21,0,0,0,7,30,840,7,30,693,1533,14,2,480,羽毛球
597,22,研究生一年级,管理,2,2,2,2,2,1.83,1.8,1.82,1.78,1.8,1.8,2,0,0,0,3,20,240,7,100,2310,2550,10,2,300,无
601,22,21,管理,1,1,3,2,1,1.25,1.2,1.55,1.33,1.9,1.5,1.66,2,90,1440,0,0,0,7,90,2079,3519,9,3,420,篮球 羽毛球 网球 乒乓球
603,22,研二,工,2,2,2,2,2,2.42,1.4,1.91,1.78,1.8,2.4,2.23,4,60,1920,7,30,840,4,20,264,3024,15,3,480,瑜伽
604,22,20级,工,2,2,2,3,1,2.33,2.4,2.18,2.44,2.6,2.4,2.71,0,0,0,0,0,0,3,15,149,148.5,3,1,540,走路
608,22,2021,管理,1,1,3,3,2,0.92,0.9,0.91,0.89,0.9,0.9,1,1,30,240,0,0,0,0,0,0,240,1,1,480,跑步
618,22,2021,管理,2,2,3,3,2,1.83,2.1,1.55,1.67,1.8,1.6,1.97,1,40,320,5,20,400,7,120,2772,3492,13,3,480,跳舞
626,22,研一,管理,2,2,3,2,3,2.17,2.6,2,2.67,2.5,2,2.65,0,0,0,2,10,80,7,20,462,542,9,1,480,快走
650,22,2021级,管理,2,2,3,2,1,1.42,1.4,1.18,1.33,1.5,1.4,1.55,3,60,1440,1,30,120,7,20,462,2022,11,2,120,跑步
661,22,2021,管理,2,1,3,2,2,2.17,1.9,2.09,2,1.9,2.5,2.39,3,20,480,4,20,320,7,80,1848,2648,14,2,480,走路，瑜伽
668,22,2021级,管理,2,2,2,3,3,2.25,2.1,1.91,2.11,1.9,2,2.31,0,0,0,7,15,420,7,60,1386,1806,14,2,480,走路
669,22,2021级,管理,2,1,3,3,2,2.33,1.7,1.45,1.22,2,1.6,1.95,0,0,0,0,0,0,7,30,693,693,7,2,420,运动
672,22,2021,管理,1,2,3,3,1,1.92,1.6,1.27,1.22,1.5,1.5,1.69,2,60,960,0,0,0,7,60,1386,2346,9,2,300,羽毛球跑步
674,22,2021,管理,2,2,3,3,2,2.25,2.4,2.64,2.11,2.5,2.4,2.68,0,0,0,0,0,0,4,60,792,792,4,2,540,步行
678,22,研一,管理,2,2,3,3,2,2.42,1.6,1.45,1.56,1.9,2.2,2.11,0,0,0,3,30,360,4,15,198,558,7,1,480,跳绳
684,22,21,管理,1,1,3,3,1,2.75,2.7,2.73,2.67,2.7,2.7,3,5,30,1200,5,30,600,5,30,495,2295,15,2,250,健身
685,22,研一,管理,2,2,3,3,2,1.42,1.5,1,1.56,1.6,1.3,1.6,0,0,0,0,0,0,7,30,693,693,7,2,480,羽毛球
704,22,研一,管理,1,2,3,2,1,1.83,1.5,1.55,2.11,2.4,1.5,2.03,6,120,5760,6,120,2880,7,60,1386,10026,19,3,240,健身房锻炼
706,22,研一,管理,2,2,3,3,2,1.92,2.4,1.36,2,2.4,1.4,2.13,0,0,0,1,90,360,7,60,1386,1746,8,2,240,收拾房间
708,22,研一,管理,1,2,3,3,2,2.08,1.6,1.82,1.89,2.1,2,2.11,0,0,0,3,30,360,7,30,693,1053,10,2,480,跑步
709,22,研一,管理,2,2,3,2,1,1.92,1.6,1.45,1.78,2.5,2.2,2.15,1,90,720,5,30,600,7,45,1040,2359.5,13,2,480,跳舞
717,22,2021级,文,1,2,3,3,2,2,1.8,2,1.78,2.3,2,2.18,0,0,0,3,30,360,7,60,1386,1746,10,2,480,打篮球
855,22,2021,管理,2,2,1,3,3,2.58,2,1.82,2,1.9,2.1,2.34,0,0,0,0,0,0,3,15,149,148.5,3,1,360,无
856,22,研一,管理,1,1,4,2,2,2.67,2.4,2.64,2.56,2.8,2.7,2.94,1,40,320,0,0,0,7,30,693,1013,8,2,480,羽毛球
860,22,研一,管理,1,1,3,3,2,2.67,2.5,2.73,2.67,2.7,2.7,2.94,0,0,0,0,0,0,7,40,924,924,7,2,360,羽毛球
874,22,2021,管理,2,2,2,2,3,2.33,2.2,1.82,2.11,1.5,1.8,2.19,0,0,0,0,0,0,5,30,495,495,5,1,480,走路
888,22,2019,工,1,1,3,3,2,2.33,2.1,2.36,2.44,2.2,2.3,2.52,0,0,0,5,30,600,7,20,462,1062,12,2,60,爬山
929,22,2019,工,1,2,3,3,2,2.58,2.2,2.36,1.78,2.8,2.5,2.65,5,90,3600,0,0,0,7,60,1386,4986,12,3,480,健身
936,22,2018,工,1,2,3,3,2,1.42,0.9,0.91,0.89,1.1,0.9,1.19,0,0,0,0,0,0,7,30,693,693,7,2,480,散步
979,22,19,工,1,2,3,3,1,2.08,2,2,2,2.1,1.8,2.21,7,30,1680,7,30,840,7,60,1386,3906,21,3,480,羽毛球，跑步
992,22,2019,工,1,2,3,2,1,2,2.5,2.36,2.22,2.4,2.3,2.55,0,0,0,5,39,780,7,15,347,1126.5,12,2,120,胸腹部肌肉训练
1256,22,研一,管理,2,2,3,3,2,2.67,2.7,2.73,2.67,2.7,2.7,2.97,1,60,480,0,0,0,0,0,0,480,1,1,480,打拳
1277,22,大三,工,1,2,3,3,2,3,2.6,3.27,2.78,2.7,2.8,3.23,0,0,0,0,0,0,3,20,198,198,3,1,120,跑步
237,23,2019,工,1,1,4,4,3,3.33,2.8,2.73,2.56,3,3.4,3.31,0,0,0,2,30,240,2,30,198,438,4,1,720,俯卧撑，空击，跳绳
320,23,2021,管理,1,2,2,3,1,1.67,1.8,1.91,1.89,2,1.9,2.03,0,0,0,0,0,0,5,25,413,412.5,5,1,500,乒乓球
339,23,研一,管理,2,2,3,2,2,2.5,2,2.09,2,2.7,2.1,2.53,0,0,0,5,20,400,3,20,198,598,8,1,180,羽毛球
340,23,2021,管理,2,2,3,2,2,2.33,1.7,2,1.56,2.3,2.2,2.23,0,0,0,3,20,240,7,40,924,1164,10,2,600,走路，慢跑，瑜伽
341,23,2021,管理,1,2,3,3,1,2.08,1.9,1.91,1.89,2.6,1.9,2.26,1,30,240,2,30,240,4,15,198,678,7,2,200,羽毛球
349,23,2021级,管理,2,1,4,3,2,2.83,2.1,1.82,2.67,2.1,3.1,2.74,0,0,0,2,30,240,5,30,495,735,7,2,480,走路
350,23,2021级,管理,2,1,4,2,2,2.33,2.2,2,2.11,2,1.9,2.4,0,0,0,2,30,240,4,15,198,438,6,1,480,走路
354,23,2016级,工,2,1,3,3,2,1.92,1.6,1.55,1.89,1.3,2.2,1.97,0,0,0,2,30,240,7,30,693,933,9,2,480,羽毛球，跑步
362,23,研二,管理,2,2,2,2,1,1.25,1.8,2,2.22,2.1,1.5,2.02,4,30,960,1,40,160,6,60,1188,2308,11,2,480,跑步
364,23,2050,工,2,1,3,2,2,3.08,2.6,2.45,2.78,2.7,2.9,3.05,0,0,0,4,20,320,0,0,0,320,4,1,480,打羽毛球
367,23,2020,管理,2,1,3,3,2,2.25,2.2,2.18,2.33,2.4,1.9,2.45,0,0,0,7,20,560,7,60,1386,1946,14,2,300,学习
371,23,2021,管理,2,2,3,3,1,2.83,2.1,2.36,2.33,2.5,2.9,2.76,0,0,0,5,60,1200,7,60,1386,2586,12,2,720,夜跑
402,23,研二,管理,1,2,3,2,2,1.33,1.7,1.27,1,1.7,1.8,1.74,0,0,0,0,0,0,7,120,2772,2772,7,2,480,跑步
405,23,研二,管理,1,1,3,3,1,2.25,1.9,2.09,1.78,2.3,1.8,2.27,2,90,1440,4,20,320,7,40,924,2684,13,2,480,篮球，羽毛起，跑步，爬山
425,23,2021,管理,2,2,3,3,2,1.33,1.4,1.27,1.56,1.1,1.6,1.53,0,0,0,0,0,0,5,60,990,990,5,2,420,快速走
426,23,2020,管理,1,1,3,3,2,2.67,2.1,2.09,2.22,2.2,2.3,2.53,0,0,0,0,0,0,7,20,462,462,7,1,480,羽毛球
427,23,研二,管理,2,2,3,3,2,2,2.1,1.91,2,1.9,2.3,2.26,4,30,960,3,30,360,2,30,198,1518,9,2,720,椭圆机
431,23,2020,工,1,2,3,3,1,2.33,2.2,1.91,1.89,2.3,2,2.37,3,90,2160,0,0,0,2,15,99,2259,5,3,300,篮球
433,23,研一,管理,2,2,3,3,3,2.92,2.8,2.18,1.78,2.5,3,2.87,0,0,0,3,30,360,7,30,693,1053,10,2,480,快走
446,23,研一,管理,1,2,4,3,1,2.25,2,2.18,2.22,2.3,1.9,2.42,7,90,5040,7,30,840,2,30,198,6078,16,3,360,健身
457,23,2021,管理,2,1,4,3,2,2.58,2.5,2.09,2,2.5,2.2,2.63,0,0,0,0,0,0,7,50,1155,1155,7,2,480,走路，打羽毛球
458,23,2021,管理,2,1,3,2,1,2.25,2.2,2.18,2.22,2.3,2.5,2.52,1,30,240,5,60,1200,7,30,693,2133,13,2,480,健身，打球
466,23,研一,管理,1,1,3,3,1,1.83,1.8,1.82,1.78,1.8,1.8,2,3,30,720,2,30,240,7,30,693,1653,12,2,480,游泳
476,23,研一,管理,2,1,4,3,2,2.5,1.8,1.91,2.22,3,2.1,2.52,0,0,0,0,0,0,7,50,1155,1155,7,2,100,打乒乓球
477,23,2020级,工,2,1,4,3,1,1.75,1.8,1.73,2,2.1,1.8,2.06,2,30,480,2,60,480,7,60,1386,2346,11,2,360,跑步，跳绳
488,23,2020,工,2,2,3,3,2,2.58,2.2,2.45,2.44,2.6,2.3,2.69,0,0,0,0,0,0,5,30,495,495,5,1,480,走路
492,23,2020级,管理,2,2,3,3,2,2.17,1.8,2,2,2.1,2,2.27,0,0,0,7,30,840,7,30,693,1533,14,2,480,跑步、跳绳
499,23,2020,工,2,2,3,3,2,0.92,0.9,0.91,0.89,0.9,0.9,1,3,30,720,0,0,0,0,0,0,720,3,2,480,乒乓球
502,23,研二,工,1,2,3,4,2,2.17,2.5,2,2.78,2.9,2.6,2.76,0,0,0,0,0,0,7,30,693,693,7,2,480,游泳
515,23,硕士一年级,管理,1,2,3,3,2,1.83,1.7,1.73,1.67,1.9,1.4,1.94,6,30,1440,7,30,840,0,0,0,2280,13,2,500,健身
516,23,20级,工,1,1,3,2,2,1.42,1.2,1.09,1,1.9,0.9,1.44,3,20,480,5,20,400,7,30,693,1573,15,2,480,跳绳，羽毛球
522,23,2020级,工,2,2,3,3,3,1.83,1.8,1.82,1.89,1.8,1.8,2.06,0,0,0,0,0,0,7,60,1386,1386,7,2,480,走路
526,23,研一,管理,2,2,3,3,2,2.67,2.6,2.73,2.44,2.8,2.5,2.94,1,60,480,0,0,0,0,0,0,480,1,1,480,健身 羽毛球
527,23,2021级,管理,2,1,3,3,2,2.5,2.3,2.27,2.44,2.2,2.5,2.61,2,40,640,2,30,240,0,0,0,880,4,2,500,走路
531,23,2021,管理,1,1,3,3,2,1.83,1.8,1.82,1.78,1.8,1.8,2,0,0,0,5,30,600,5,30,495,1095,10,2,240,跑步
542,23,2021,管理,2,2,3,2,2,1.83,1.8,1.82,1.78,2,1.9,2.08,3,30,720,3,30,360,7,180,4158,5238,13,3,480,慢跑
587,23,2021级,管理,1,2,3,3,1,1.33,1.2,0.91,1.56,0.9,1.1,1.37,1,120,960,5,30,600,7,60,1386,2946,13,2,210,羽毛球
595,23,研二,工,2,2,3,3,2,2.25,1.7,2,1.67,1.8,1.8,2.15,0,0,0,4,30,480,7,40,924,1404,11,2,300,羽毛球
596,23,2020,工,1,1,3,2,2,2,1.8,1.82,1.89,2,2,2.15,2,40,640,0,0,0,7,30,693,1333,9,2,200,羽毛球
598,23,研一,工,2,1,4,3,2,2,1.9,1.82,1.78,1.8,1.8,2.15,0,0,0,1,40,160,3,40,396,556,4,1,300,跑步
600,23,2020,工,1,1,4,3,1,2.42,2.1,1.91,2.22,2.5,2.4,2.52,2,90,1440,5,20,400,7,10,231,2071,14,2,500,篮球
607,23,研二,工,2,2,3,2,2,2.75,2.3,2.27,2,2.6,2.5,2.68,0,0,0,0,0,0,5,20,330,330,5,1,480,走路 爬楼
636,23,2020级,工,2,2,2,2,2,2.33,2.2,1.64,2,1.8,2.6,2.32,0,0,0,7,30,840,7,30,693,1533,14,2,480,打羽毛球
643,23,2021级,管理,2,1,3,2,2,2,2.1,1.27,2.11,2.6,1.6,2.21,3,180,4320,0,0,0,7,30,693,5013,10,3,900,羽毛球
646,23,2020,工,2,2,3,2,2,1.67,1.8,1.82,1.78,1.8,1.8,1.95,0,0,0,2,20,160,5,25,413,572.5,7,1,480,散步
656,23,研一,管理,2,2,3,3,2,2.75,2.4,2.09,2,3,1.8,2.61,0,0,0,0,0,0,4,30,396,396,4,1,120,散步
658,23,研二,工,2,2,3,3,2,2.58,2.3,2.09,2,2.8,2.5,2.65,0,0,0,3,30,360,7,30,693,1053,10,2,480,跑步
662,23,研一,管理,2,1,4,3,2,2.75,2.5,2.64,2.67,2.6,2.2,2.9,0,0,0,0,0,0,7,30,693,693,7,2,480,羽毛球
664,23,2020,工,2,2,3,3,2,1.75,1.2,1.73,2.11,1.6,2,1.97,2,30,480,3,20,240,7,30,693,1413,12,2,480,有氧 keep
675,23,研究生一年级,管理,1,2,2,2,1,1.83,1.6,1.82,1.67,2.1,1.7,1.98,3,90,2160,2,20,160,7,20,462,2782,12,3,360,篮球，羽毛球
679,23,2020,工,1,1,4,3,1,1.5,1.8,1.55,1.78,2.1,1.6,1.9,0,0,0,0,0,0,7,60,1386,1386,7,2,480,无
680,23,研一,管理,2,1,4,4,1,1.83,1.8,1.64,1.89,1.8,1.8,2,0,0,0,5,60,1200,6,60,1188,2388,11,2,540,羽毛球
681,23,研一,管理,1,2,1,2,1,1.25,1.4,1.36,1.44,1.6,1.2,1.58,3,25,600,5,60,1200,7,40,924,2724,15,2,360,羽毛球
682,23,研一,管理,2,2,3,3,2,2.08,1.8,2,1.78,1.8,1.8,2.13,0,0,0,5,20,400,7,40,924,1324,12,2,180,活动四肢
683,23,2020研,管理,2,2,3,3,1,2.17,2.6,1.73,2.44,2.1,2.1,2.39,0,0,0,0,0,0,5,30,495,495,5,1,480,羽毛球
695,23,研二,工,1,2,3,4,2,2.17,2.6,2.36,2.56,3.4,2.2,2.74,0,0,0,6,30,720,7,60,1386,2106,13,2,600,散步
699,23,2021级,管理,2,1,3,2,2,2.08,2,1.82,2.11,2.7,2.1,2.4,0,0,0,0,0,0,7,30,693,693,7,2,420,打羽毛球
702,23,研一,工,2,2,3,3,2,2.25,1.8,2.09,1.89,2.2,2,2.32,0,0,0,2,30,240,4,120,1584,1824,6,2,360,慢跑
875,23,2021,管理,2,1,3,2,2,1.83,1.3,1.45,1.89,1.6,1.9,1.81,0,0,0,0,0,0,7,60,1386,1386,7,2,480,打羽毛球，乒乓球
993,23,2019,工,2,1,3,4,1,2.67,2.3,2.91,2.44,2,2.9,2.81,0,0,0,0,0,0,7,60,1386,1386,7,2,720,走路
1244,23,研二,管理,2,2,3,3,3,2.92,2.5,2.64,3,2.7,2.6,2.97,0,0,0,6,30,720,7,40,924,1644,13,2,480,跑步
1265,23,研一,管理,2,2,3,3,2,2.33,2.7,2.64,2.67,2.8,2.7,2.85,0,0,0,0,0,0,5,30,495,495,5,1,100,走路
328,24,wan'er,工,1,1,3,2,1,3.33,2.7,2.64,2.44,2.7,3.3,3.21,1,40,320,1,30,120,7,30,693,1133,9,2,480,羽毛球
348,24,研二,工,1,1,2,2,1,1.92,1.8,1.55,2,2.3,1.7,2.08,3,30,720,2,30,240,7,30,693,1653,12,2,400,篮球，足球
366,24,研三,教育,2,1,3,2,1,2.5,1.8,2,1.56,1.8,1.9,2.18,0,0,0,7,30,840,7,40,924,1764,14,2,600,乒乓球
382,24,研三,管理,2,2,3,3,2,2.42,2,2,2.33,2.3,2.3,2.47,0,0,0,2,30,240,0,0,0,240,2,1,480,散步，慢跑
390,24,2021,管理,1,1,3,2,1,1.33,1.7,1.82,1.67,1.9,1.6,1.84,2,40,640,5,60,1200,5,30,495,2335,12,2,480,打篮球
413,24,2021级,管理,2,1,3,3,2,2.17,2,2.09,2.11,2.1,2.1,2.37,0,0,0,7,30,840,5,20,330,1170,12,2,480,走路
428,24,2020级,管理,2,2,3,3,3,2.08,2.2,2.55,2.78,2.9,2.8,2.85,0,0,0,0,0,0,2,20,132,132,2,1,480,羽毛球
432,24,研一,管理,2,2,3,3,2,1.92,2.1,1.55,1.78,2.3,1.8,2.15,0,0,0,7,30,840,7,25,578,1417.5,14,2,720,散步
459,24,2019,管理,2,2,3,3,2,2.17,2,2,2,1.9,2.2,2.26,1,40,320,1,20,80,0,0,0,400,2,1,420,跑步、乒乓球
463,24,2020级,管理,2,1,3,3,2,2.75,2.6,2.09,2.56,2.6,2.7,2.85,0,0,0,0,0,0,7,40,924,924,7,2,720,跑步
470,24,2020,管理,2,2,3,3,1,2,1.8,1.91,1.78,1.8,1.8,2.11,1,120,960,1,60,240,7,60,1386,2586,9,2,500,羽毛球
475,24,研一,工,1,1,3,1,1,2.17,1.5,2.64,2.78,2.2,2.6,2.61,1,180,1440,1,30,120,2,30,198,1758,4,2,480,羽毛球
478,24,2020,工,1,2,3,2,2,1.58,1.9,1.55,1.78,2.3,1.4,1.9,0,0,0,0,0,0,7,30,693,693,7,2,600,步行
500,24,2020级,工,2,2,2,2,2,1.5,1.7,1.45,1.78,1.8,1.7,1.79,0,0,0,4,30,480,4,20,264,744,8,2,480,游泳
512,24,2020,工,2,1,4,2,1,1.92,1.7,1.18,1.89,1.8,1.7,1.87,0,0,0,5,30,600,7,120,2772,3372,12,3,360,羽毛球，乒乓球，排球
519,24,2020,管理,2,1,3,3,1,1.83,1.7,1.73,1.78,1.8,1.8,2.03,4,30,960,7,30,840,7,30,693,2493,18,2,480,跑步，爬山
529,24,2020,管理,2,1,3,3,1,1.75,1.6,1.73,1.78,1.8,1.7,1.95,1,20,160,3,30,360,4,50,660,1180,8,2,400,慢跑
536,24,研二,管理,2,2,2,2,1,1.08,0.9,0.91,0.89,1.1,1.1,1.13,4,60,1920,5,30,600,7,20,462,2982,16,3,500,健身房
584,24,2020级,工,2,1,3,3,1,2.25,1.9,1.64,1.78,1.9,1.7,2.11,0,0,0,0,0,0,7,20,462,462,7,1,480,爬楼、跑步
589,24,研二,工,1,2,4,3,1,0.92,0.9,1.09,0.89,1.3,1.1,1.16,3,30,720,5,30,600,7,30,693,2013,15,2,420,跑步
590,24,2020,工,1,2,3,3,1,1.42,1.5,2.45,1.11,1.9,1.4,1.87,0,0,0,7,30,840,7,30,693,1533,14,2,480,健身
591,24,研二,工,2,1,4,2,1,2.33,1.4,1.36,1.33,1.9,1.4,1.82,0,0,0,0,0,0,7,25,578,577.5,7,1,500,跑步、跳绳、羽毛球、健身操
592,24,2020,工,1,2,3,3,1,0.92,1.1,0.91,0.89,0.9,0.9,1.03,1,40,320,3,30,360,3,60,594,1274,7,2,480,篮球
634,24,研二,工,2,1,3,3,2,2.58,2.2,2,2.44,2.5,2.2,2.56,0,0,0,3,30,360,7,30,693,1053,10,2,420,羽毛球，跑步
670,24,研二,工,2,1,3,3,2,1.92,1.9,1.91,2.22,2.6,2,2.32,0,0,0,2,30,240,3,30,297,537,5,1,540,跑步
849,24,2020,管理,2,2,3,2,2,1.08,1.3,1.27,1.56,1.5,0.9,1.4,0,0,0,6,30,720,7,60,1386,2106,13,2,480,走路
869,24,研一,管理,1,1,3,3,2,2.5,2.5,2.45,2.33,2.5,2.3,2.68,1,40,320,0,0,0,0,0,0,320,1,1,480,羽毛球
315,25,研三,管理,2,2,3,2,1,2.33,1.7,2.09,1.78,1.9,2.1,2.23,0,0,0,0,0,0,7,30,693,693,7,2,400,跑步
316,25,21级,管理,1,2,3,2,2,1.83,2,2.18,1.78,1.7,1.8,2.06,0,0,0,0,0,0,7,60,1386,1386,7,2,480,跳绳
322,25,2020级,工,1,2,3,2,2,2.33,1.9,2.45,2,2.3,2.4,2.5,0,0,0,5,30,600,7,60,1386,1986,12,2,480,羽毛球、篮球、散步
332,25,研一,管理,2,1,3,3,1,2.83,2.6,2.82,2.89,3,2.6,3.06,6,100,4800,6,30,720,7,30,693,6213,19,3,480,无氧 跑步 椭圆机
355,25,2019,工,1,1,3,2,1,2,1.7,2.27,2,2,1.7,2.16,2,120,1920,2,180,1440,5,30,495,3855,9,3,300,乒乓球，羽毛球，篮球
376,25,2020,工,1,1,4,3,2,2.08,1.8,1.18,2.11,2.1,2.1,2.11,1,120,960,2,60,480,7,40,924,2364,10,2,480,羽毛球，跑步
406,25,研一,管理,2,1,3,2,2,2.58,2.4,1.64,2.22,1.8,2.3,2.39,0,0,0,0,0,0,5,80,1320,1320,5,2,480,走路
440,25,2020级,管理,1,1,4,3,3,3.33,2.6,2.64,2.67,2.3,2.9,3.08,0,0,0,7,10,280,5,15,248,527.5,12,1,500,无
528,25,2020,管理,2,1,3,4,2,2.08,2.1,2.27,2.11,2.4,2.2,2.48,3,30,720,1,25,100,7,90,2079,2899,11,2,720,跑步
389,26,研一,管理,1,2,3,2,3,2.17,2.5,1.55,2.44,2.4,1.8,2.34,0,0,0,5,30,600,7,40,924,1524,12,2,480,跳绳
691,26,2021级,管理,1,1,3,3,1,2.58,1.9,1.91,1.89,2.6,1.9,2.35,0,0,0,5,20,400,7,30,693,1093,12,2,360,打乒乓球
313,27,博二,管理,1,2,3,2,1,1.58,2.2,2,1.44,2.2,1.5,2.11,3,20,480,0,0,0,7,50,1155,1635,10,2,480,健身，慢跑
460,27,研一,管理,2,2,3,3,1,2,2.3,2,2.33,2,2.2,2.44,2,60,960,0,0,0,5,30,495,1455,7,2,420,打网球、羽毛球、跑步
551,28,2021,管理,1,2,4,3,2,1.83,1.9,2,2,1.9,1.9,2.19,0,0,0,2,30,240,7,40,924,1164,9,2,500,跑步
481,243,2020级,工,1,2,3,3,3,2.17,2.3,2.09,1.89,2.2,1.8,2.4,0,0,0,3,30,360,0,0,0,360,3,1,500,散步